item,base,path,photo_sha256,mask,mask_sha256,type,t,crop_iou,added_frac,consequential,trial
pilot_b137a538,2026-08-30__sony__class_010__PIC_20260830_200730,dataset/2026-08-30__sony/class_010__Indonesia_Java/PIC_20260830_200730.JPG,c6a5a3966687e2f0b3b3b547b38bd2ea1c62a07fb4f9b0c99f1c5f793e32fbb7,outputs/ml2_p1/defects/pilot/pilot_b137a538.png,ed0a3d581b74697c661bffc3c1b13eeff4630306f6a8784e2a1a3955909a06ea,erode,0.1,0.9008,0.0,0,0
pilot_674d1f90,2026-08-30__pixel__class_010__PXL_20260830_124724132,dataset/2026-08-30__pixel/class_010__Indonesia_Java/PXL_20260830_124724132.jpg,cf5292a47a90f46e58db44334954585478f3b9dddf6fc496a42e943f3f77c591,outputs/ml2_p1/defects/pilot/pilot_674d1f90.png,3744ca94374bf9e1b3fbedb553ba020c313ecc2066726bd7f7f99ff5c3838ac9,drop_corner,0.92,0.8855,0.0,1,0
pilot_ec62bcf1,2026-08-27__oneplus_flash__class_008__PXL_20260827_185847122,dataset/2026-08-27__oneplus_flash/class_008__Ethiopia_Kochere/PXL_20260827_185847122.jpg,4185edbba567f54287877c9bd8159a77f315ed4036984aa05306c0119031031e,outputs/ml2_p1/defects/pilot/pilot_ec62bcf1.png,b011204875bb5565c8486f961cae69dd14c81ee3ce808576506c612c941f9b05,add_band,0.94,0.9139,0.0516,1,0
pilot_f738c5d9,2026-08-09__pixel_cam__class_003__PXL_20260809_132500061,dataset/2026-08-09__pixel_cam/class_003__Colombia_PinkBourbon/PXL_20260809_132500061.jpg,99eb74bd29e118412f040fcd68a9cdd30ffe00ec55f6bac8c2c87dc9b05ce593,data/seg_masks/base_points/2026-08-09__pixel_cam__class_003__PXL_20260809_132500061.png,71d0238d3fd8014b4f44733ebe48d06142cbceb8e060d3702a4697c0a13c7f07,clean,0.0,1.0,0.0,,0
pilot_94dc2bb4,ood_positives_2026-09-11__PXL_20260911_110204912,dataset/ood_positives/PXL_20260911_110204912.jpg,f9ce15e22c3766466ab35a518beb9f02f77e1ea313b0772f5aa184843e6ebb51,outputs/ml2_p1/defects/pilot/pilot_94dc2bb4.png,92e5d62a0a7a13c579502935bab6a5c1f2101f1ddf3d53777989c48a1df59877,drop_corner,0.66,0.9112,0.0,0,0
pilot_52bb3448,2026-08-25__iphone__class_007__IMG_6298,dataset/2026-08-25__iphone/class_007__Brazil_MonteCristo/IMG_6298.HEIC,72997b7fff21a134d88ad3aa1dcb987e7abac0ce53b02c5a93e304df044195be,outputs/ml2_p1/defects/pilot/pilot_52bb3448.png,7c2b51143bd96aa31b95aac01c1191a42bffc5e3bc5a036ad4f3fd86fd45b4ef,add_band,0.12,0.9448,0.0379,0,0
pilot_119f4524,2026-08-25__iphone__class_007__IMG_6298,dataset/2026-08-25__iphone/class_007__Brazil_MonteCristo/IMG_6298.HEIC,72997b7fff21a134d88ad3aa1dcb987e7abac0ce53b02c5a93e304df044195be,data/seg_masks/base_points/2026-08-25__iphone__class_007__IMG_6298.png,ee2dcdc39fbea6557d7403609fed7bdd528b7d1ed295748f41b4beef5ba56d4b,clean,0.0,1.0,0.0,,0
pilot_88302c8e,2026-08-30__pixel__class_010__PXL_20260830_124539804,dataset/2026-08-30__pixel/class_010__Indonesia_Java/PXL_20260830_124539804.jpg,239d1617039aba97ef7c039cca3a507d245227a01fda83f56bb0080c096eaab9,outputs/ml2_p1/defects/pilot/pilot_88302c8e.png,0bdf5b8a054e29146648a1c6b9f5baefdd156909b27f45c2309fd3c02a219dd2,shift,0.2,0.8709,0.0027,1,0
pilot_bf91bf36,2026-08-27__oneplus_flash__class_006__PXL_20260827_184207722,dataset/2026-08-27__oneplus_flash/class_006__Brazil_Cerrado/PXL_20260827_184207722.jpg,38f3ac0e0268e2a69e1e1eaa732aa4e9926fce6ac5ee460bcc3918a54d5cefd1,outputs/ml2_p1/defects/pilot/pilot_bf91bf36.png,f78be586a63dc02c8fdef6892d3b16371952ed5b0f663e4b2d3710a655ab748a,dilate,0.16,0.9525,0.0499,0,0
pilot_40b22a10,2026-08-25__oneplus__class_009__PXL_20260825_193813455,dataset/2026-08-25__oneplus/class_009__Vietnam_Robusta/PXL_20260825_193813455.jpg,16434de19babb0085d9c91c20322bdbcb5371bd1e5e2e94ee10570261f100896,outputs/ml2_p1/defects/pilot/pilot_40b22a10.png,4ded8a31c61113cb3f31437df6bf768657f73ebb5357578ace89a3f702530fa7,dilate,0.12,0.8861,0.1331,1,0
pilot_9f8a5919,2026-08-25__iphone__class_002__IMG_6288,dataset/2026-08-25__iphone/class_002__Kenya_AA/IMG_6288.HEIC,6af1ef17c5ed75547a34658a4d7bd1175bf8d77e022f8d611df90d7235168be7,outputs/ml2_p1/defects/pilot/pilot_9f8a5919.png,0ce4dc78cc94efbdec4144046e1a31f3818e859c23608cbb95f9348eb7c7787a,erode,0.14,0.8595,0.0,1,0
pilot_62b72aa8,2026-08-30__oneplus__class_010__PXL_20260830_175651950,dataset/2026-08-30__oneplus/class_010__Indonesia_Java/PXL_20260830_175651950.jpg,70656ae5c68f22261b56ed22ea35f67101a67e4688af122ff89332691ab8afcd,data/seg_masks/base_points/2026-08-30__oneplus__class_010__PXL_20260830_175651950.png,0cab050dae27fcfb4cbe636541740aa75cfc41abfe0d010cbd80b129b34f177d,clean,0.0,1.0,0.0,,0
pilot_76b4e191,2026-08-07__box_pictures_all_classes__class_005__PXL_20260807_073241357,dataset/2026-08-07__box_pictures_all_classes/class_005__Guatemala_Tata/PXL_20260807_073241357.jpg,bd6adf8abdd2f811df6e79d967b46854c68c20ca93a33b80d6575b9fe34a9a9d,outputs/ml2_p1/defects/pilot/pilot_76b4e191.png,04b27a6ca94b908725899376a2d51845058067bff169741703c239ae86e328b0,add_band,0.18,0.8841,0.0717,1,0
pilot_e5a7c2d9,2026-08-07__box_pictures_all_classes__class_006__PXL_20260807_071336299,dataset/2026-08-07__box_pictures_all_classes/class_006__Brazil_Cerrado/PXL_20260807_071336299.jpg,e45e4fe8c11ada03f816def3685837198dcfd1bc64f07ce548ffd96079a15b3e,outputs/ml2_p1/defects/pilot/pilot_e5a7c2d9.png,1fcc2c142e77b726bbe40a2fc4e010e46bf3fd35d84dacea9e965d43a3fae8da,dilate,0.06,0.9438,0.0593,1,0
pilot_42216c92,2026-08-30__oneplus__class_010__PXL_20260830_175639510,dataset/2026-08-30__oneplus/class_010__Indonesia_Java/PXL_20260830_175639510.jpg,2c6d20384dc9eee4d6f6405f251f808992a3042a02891cb6b98932459e2d45dc,outputs/ml2_p1/defects/pilot/pilot_42216c92.png,225e01e89938960a2bfefbfe75cce3f182a5e93aef7d8cb8f5c4d5325a3e492c,shift,0.24,0.881,0.0014,1,0
pilot_31a523fb,2026-08-07__box_pictures_all_classes__class_007__PXL_20260807_070108266,dataset/2026-08-07__box_pictures_all_classes/class_007__Brazil_MonteCristo/PXL_20260807_070108266.jpg,fba4fcf4b6a8f5e15833963000794842be4e02ea8bff05b5bfa0887effc74042,outputs/ml2_p1/defects/pilot/pilot_31a523fb.png,e41ec13fd43fa1c15917a4ac3d9939d4d33003c6f0e997b366c4bcf42de00fcd,drop_corner,0.88,0.8861,0.0,1,0
pilot_d58ba957,2026-08-09__pixel_cam__class_001__PXL_20260809_130838005,dataset/2026-08-09__pixel_cam/class_001__Ethiopia_Sidamo/PXL_20260809_130838005.jpg,e9289bcd6f3827091f139d68f5dc96aaa94a04d3910054811897b3cb7d30d5ee,outputs/ml2_p1/defects/pilot/pilot_d58ba957.png,d7a1b410de4880d75701b7e1e71ba4a7be54d1c416ce6aa6958b1d521667325a,erode,0.14,0.8599,0.0,1,0
pilot_729235b4,2026-08-07__box_pictures_all_classes__class_003__PXL_20260807_075630054,dataset/2026-08-07__box_pictures_all_classes/class_003__Colombia_PinkBourbon/PXL_20260807_075630054.jpg,05a8fc595afe58dd1637d1da417bcd1e60ee750ed506636cdcf75e24abefb2f2,data/seg_masks/base_points/2026-08-07__box_pictures_all_classes__class_003__PXL_20260807_075630054.png,cb5c56625d1b3bcdea0ca567f08b0946a4a4d0301a3ea30deea221634ee477a7,clean,0.0,1.0,0.0,,0
pilot_b5f5c9df,2026-08-25__oneplus__class_008__PXL_20260825_194503052,dataset/2026-08-25__oneplus/class_008__Ethiopia_Kochere/PXL_20260825_194503052.jpg,98092f561c7ab88e36bc59ea4a6404e3f7c2152d28621fee1d0265389f6a0cd3,outputs/ml2_p1/defects/pilot/pilot_b5f5c9df.png,aab2351bce3ce38d999558c9ae8236213ff53e686dff47c2059c8fa3e0d5fab1,shift,0.06,0.9315,0.0372,0,0
pilot_6d1c79fa,2026-08-09__sony_cam__class_006__PIC_20260809_210532,dataset/2026-08-09__sony_cam/class_006__Brazil_Cerrado/PIC_20260809_210532.JPG,ce388fa4430d178a8cd78f518e11c1226f144eadab03d8bac6927cc6efd8dc24,data/seg_masks/base_points/2026-08-09__sony_cam__class_006__PIC_20260809_210532.png,a87bd85543927062e138393daaf88ee16e4e5115c8f5337841cc23ba723f2d3e,clean,0.0,1.0,0.0,,0
