filename,scenario_tag,camera,split,date,source_title,source_url,notes,batch
PIC_20260911_130253.JPG,user_beans_independent,sony,dev,2026-09-11,"PIC_20260911_130253.JPG (user capture, GPS+serial stripped 2026-09-11)",,in-distribution positive (contains coffee beans); shot on a day the deployed checkpoint never trained on,ood_positives_2026-09-11
PIC_20260911_130306.JPG,user_beans_independent,sony,dev,2026-09-11,"PIC_20260911_130306.JPG (user capture, GPS+serial stripped 2026-09-11)",,in-distribution positive (contains coffee beans); shot on a day the deployed checkpoint never trained on,ood_positives_2026-09-11
PIC_20260911_130350.JPG,user_beans_independent,sony,holdout,2026-09-11,"PIC_20260911_130350.JPG (user capture, GPS+serial stripped 2026-09-11)",,in-distribution positive (contains coffee beans); shot on a day the deployed checkpoint never trained on,ood_positives_2026-09-11
PIC_20260911_130400.JPG,user_beans_independent,sony,dev,2026-09-11,"PIC_20260911_130400.JPG (user capture, GPS+serial stripped 2026-09-11)",,in-distribution positive (contains coffee beans); shot on a day the deployed checkpoint never trained on,ood_positives_2026-09-11
PIC_20260911_130558.JPG,user_beans_independent,sony,holdout,2026-09-11,"PIC_20260911_130558.JPG (user capture, GPS+serial stripped 2026-09-11)",,in-distribution positive (contains coffee beans); shot on a day the deployed checkpoint never trained on,ood_positives_2026-09-11
PIC_20260911_131225.JPG,user_beans_independent,sony,dev,2026-09-11,"PIC_20260911_131225.JPG (user capture, GPS+serial stripped 2026-09-11)",,in-distribution positive (contains coffee beans); shot on a day the deployed checkpoint never trained on,ood_positives_2026-09-11
PIC_20260911_131238.JPG,user_beans_independent,sony,holdout,2026-09-11,"PIC_20260911_131238.JPG (user capture, GPS+serial stripped 2026-09-11)",,in-distribution positive (contains coffee beans); shot on a day the deployed checkpoint never trained on,ood_positives_2026-09-11
PIC_20260911_131316.JPG,user_beans_independent,sony,dev,2026-09-11,"PIC_20260911_131316.JPG (user capture, GPS+serial stripped 2026-09-11)",,in-distribution positive (contains coffee beans); shot on a day the deployed checkpoint never trained on,ood_positives_2026-09-11
PIC_20260911_131429.JPG,user_beans_independent,sony,dev,2026-09-11,"PIC_20260911_131429.JPG (user capture, GPS+serial stripped 2026-09-11)",,in-distribution positive (contains coffee beans); shot on a day the deployed checkpoint never trained on,ood_positives_2026-09-11
PIC_20260911_131514.JPG,user_beans_independent,sony,holdout,2026-09-11,"PIC_20260911_131514.JPG (user capture, GPS+serial stripped 2026-09-11)",,in-distribution positive (contains coffee beans); shot on a day the deployed checkpoint never trained on,ood_positives_2026-09-11
PXL_20260809_121311639.jpg,user_beans_same_day,pixel,dev,2026-08-09,"PXL_20260809_121311639.jpg (user capture, EXIF stripped 2026-09-10)",,in-distribution positive (contains coffee beans); shot the same day as a training session -- not fully independent,ood_positives
PXL_20260809_121530650.jpg,user_beans_same_day,pixel,dev,2026-08-09,"PXL_20260809_121530650.jpg (user capture, EXIF stripped 2026-09-10)",,in-distribution positive (contains coffee beans); shot the same day as a training session -- not fully independent,ood_positives
PXL_20260809_121727912.jpg,user_beans_same_day,pixel,dev,2026-08-09,"PXL_20260809_121727912.jpg (user capture, EXIF stripped 2026-09-10)",,in-distribution positive (contains coffee beans); shot the same day as a training session -- not fully independent,ood_positives
PXL_20260809_121753037.jpg,user_beans_same_day,pixel,holdout,2026-08-09,"PXL_20260809_121753037.jpg (user capture, EXIF stripped 2026-09-10)",,in-distribution positive (contains coffee beans); shot the same day as a training session -- not fully independent,ood_positives
PXL_20260809_123112607.jpg,user_beans_same_day,pixel,dev,2026-08-09,"PXL_20260809_123112607.jpg (user capture, EXIF stripped 2026-09-10)",,in-distribution positive (contains coffee beans); shot the same day as a training session -- not fully independent,ood_positives
PXL_20260809_123148443.jpg,user_beans_same_day,pixel,holdout,2026-08-09,"PXL_20260809_123148443.jpg (user capture, EXIF stripped 2026-09-10)",,in-distribution positive (contains coffee beans); shot the same day as a training session -- not fully independent,ood_positives
PXL_20260823_145320597.jpg,user_beans_independent,pixel,dev,2026-08-23,"PXL_20260823_145320597.jpg (user capture, re-copied from the phone and metadata stripped 2026-09-30)",,in-distribution positive (contains coffee beans); independent of every training session,ood_positives
PXL_20260823_145406723.jpg,user_beans_independent,pixel,dev,2026-08-23,"PXL_20260823_145406723.jpg (user capture, re-copied from the phone and metadata stripped 2026-09-30)",,in-distribution positive (contains coffee beans); independent of every training session,ood_positives
PXL_20260824_174917686.jpg,user_beans_independent,pixel,dev,2026-08-24,"PXL_20260824_174917686.jpg (user capture, EXIF stripped 2026-09-10)",,in-distribution positive (contains coffee beans); independent of every training session,ood_positives
PXL_20260824_175231515.jpg,user_beans_independent,pixel,holdout,2026-08-24,"PXL_20260824_175231515.jpg (user capture, EXIF stripped 2026-09-10)",,in-distribution positive (contains coffee beans); independent of every training session,ood_positives
PXL_20260829_084655975.jpg,user_beans_independent,pixel,dev,2026-08-29,"PXL_20260829_084655975.jpg (user capture, re-copied from the phone and metadata stripped 2026-09-30)",,in-distribution positive (contains coffee beans); independent of every training session,ood_positives
PXL_20260830_071013670.jpg,user_beans_same_day,pixel,dev,2026-08-30,"PXL_20260830_071013670.jpg (user capture, re-copied from the phone and metadata stripped 2026-09-30)",,in-distribution positive (contains coffee beans); shot the same day as a training session -- not fully independent,ood_positives
PXL_20260831_051541829.jpg,user_beans_independent,pixel,holdout,2026-08-31,"PXL_20260831_051541829.jpg (user capture, re-copied from the phone and metadata stripped 2026-09-30)",,in-distribution positive (contains coffee beans); independent of every training session,ood_positives
PXL_20260903_062148691.jpg,user_beans_independent,pixel,holdout,2026-09-03,"PXL_20260903_062148691.jpg (user capture, re-copied from the phone and metadata stripped 2026-09-30)",,in-distribution positive (contains coffee beans); independent of every training session,ood_positives
PXL_20260911_055830868.jpg,user_beans_independent,pixel,dev,2026-09-11,"PXL_20260911_055830868.jpg (user capture, GPS+serial stripped 2026-09-11)",,in-distribution positive (contains coffee beans); shot on a day the deployed checkpoint never trained on,ood_positives_2026-09-11
PXL_20260911_055848611.jpg,user_beans_independent,pixel,dev,2026-09-11,"PXL_20260911_055848611.jpg (user capture, GPS+serial stripped 2026-09-11)",,in-distribution positive (contains coffee beans); shot on a day the deployed checkpoint never trained on,ood_positives_2026-09-11
PXL_20260911_055905289.jpg,user_beans_independent,pixel,holdout,2026-09-11,"PXL_20260911_055905289.jpg (user capture, GPS+serial stripped 2026-09-11)",,in-distribution positive (contains coffee beans); shot on a day the deployed checkpoint never trained on,ood_positives_2026-09-11
PXL_20260911_055950561.jpg,user_beans_independent,pixel,dev,2026-09-11,"PXL_20260911_055950561.jpg (user capture, GPS+serial stripped 2026-09-11)",,in-distribution positive (contains coffee beans); shot on a day the deployed checkpoint never trained on,ood_positives_2026-09-11
PXL_20260911_060718015.jpg,user_beans_independent,pixel,holdout,2026-09-11,"PXL_20260911_060718015.jpg (user capture, GPS+serial stripped 2026-09-11)",,in-distribution positive (contains coffee beans); shot on a day the deployed checkpoint never trained on,ood_positives_2026-09-11
PXL_20260911_061016718.jpg,user_beans_independent,pixel,holdout,2026-09-11,"PXL_20260911_061016718.jpg (user capture, GPS+serial stripped 2026-09-11)",,in-distribution positive (contains coffee beans); shot on a day the deployed checkpoint never trained on,ood_positives_2026-09-11
PXL_20260911_061045649.jpg,user_beans_independent,pixel,dev,2026-09-11,"PXL_20260911_061045649.jpg (user capture, GPS+serial stripped 2026-09-11)",,in-distribution positive (contains coffee beans); shot on a day the deployed checkpoint never trained on,ood_positives_2026-09-11
PXL_20260911_061100589.jpg,user_beans_independent,pixel,holdout,2026-09-11,"PXL_20260911_061100589.jpg (user capture, GPS+serial stripped 2026-09-11)",,in-distribution positive (contains coffee beans); shot on a day the deployed checkpoint never trained on,ood_positives_2026-09-11
PXL_20260911_061127243.jpg,user_beans_independent,pixel,dev,2026-09-11,"PXL_20260911_061127243.jpg (user capture, GPS+serial stripped 2026-09-11)",,in-distribution positive (contains coffee beans); shot on a day the deployed checkpoint never trained on,ood_positives_2026-09-11
PXL_20260911_061147113.jpg,user_beans_independent,pixel,dev,2026-09-11,"PXL_20260911_061147113.jpg (user capture, GPS+serial stripped 2026-09-11)",,in-distribution positive (contains coffee beans); shot on a day the deployed checkpoint never trained on,ood_positives_2026-09-11
PXL_20260911_102218302.jpg,user_beans_independent,pixel,dev,2026-09-11,"PXL_20260911_102218302.jpg (user capture, metadata stripped 2026-09-30)",,in-distribution positive (contains coffee beans); shot on a day the deployed checkpoint never trained on,ood_positives_2026-09-30
PXL_20260911_110040129.jpg,user_beans_independent,oneplus,dev,2026-09-11,"PXL_20260911_110040129.jpg (user capture, GPS+serial stripped 2026-09-11)",,in-distribution positive (contains coffee beans); shot on a day the deployed checkpoint never trained on,ood_positives_2026-09-11
PXL_20260911_110053934.jpg,user_beans_independent,oneplus,holdout,2026-09-11,"PXL_20260911_110053934.jpg (user capture, GPS+serial stripped 2026-09-11)",,in-distribution positive (contains coffee beans); shot on a day the deployed checkpoint never trained on,ood_positives_2026-09-11
PXL_20260911_110140290.jpg,user_beans_independent,oneplus,holdout,2026-09-11,"PXL_20260911_110140290.jpg (user capture, GPS+serial stripped 2026-09-11)",,in-distribution positive (contains coffee beans); shot on a day the deployed checkpoint never trained on,ood_positives_2026-09-11
PXL_20260911_110204912.jpg,user_beans_independent,oneplus,dev,2026-09-11,"PXL_20260911_110204912.jpg (user capture, GPS+serial stripped 2026-09-11)",,in-distribution positive (contains coffee beans); shot on a day the deployed checkpoint never trained on,ood_positives_2026-09-11
PXL_20260911_110638951.jpg,user_beans_independent,oneplus,dev,2026-09-11,"PXL_20260911_110638951.jpg (user capture, GPS+serial stripped 2026-09-11)",,in-distribution positive (contains coffee beans); shot on a day the deployed checkpoint never trained on,ood_positives_2026-09-11
PXL_20260911_111549992.jpg,user_beans_independent,oneplus,dev,2026-09-11,"PXL_20260911_111549992.jpg (user capture, GPS+serial stripped 2026-09-11)",,in-distribution positive (contains coffee beans); shot on a day the deployed checkpoint never trained on,ood_positives_2026-09-11
PXL_20260911_111601235.jpg,user_beans_independent,oneplus,dev,2026-09-11,"PXL_20260911_111601235.jpg (user capture, GPS+serial stripped 2026-09-11)",,in-distribution positive (contains coffee beans); shot on a day the deployed checkpoint never trained on,ood_positives_2026-09-11
PXL_20260911_111613659.jpg,user_beans_independent,oneplus,dev,2026-09-11,"PXL_20260911_111613659.jpg (user capture, GPS+serial stripped 2026-09-11)",,in-distribution positive (contains coffee beans); shot on a day the deployed checkpoint never trained on,ood_positives_2026-09-11
PXL_20260911_111643055.jpg,user_beans_independent,oneplus,holdout,2026-09-11,"PXL_20260911_111643055.jpg (user capture, GPS+serial stripped 2026-09-11)",,in-distribution positive (contains coffee beans); shot on a day the deployed checkpoint never trained on,ood_positives_2026-09-11
PXL_20260911_111725716.jpg,user_beans_independent,oneplus,holdout,2026-09-11,"PXL_20260911_111725716.jpg (user capture, GPS+serial stripped 2026-09-11)",,in-distribution positive (contains coffee beans); shot on a day the deployed checkpoint never trained on,ood_positives_2026-09-11
PXL_20260912_063727989.jpg,user_beans_independent,pixel,holdout,2026-09-12,"PXL_20260912_063727989.jpg (user capture, metadata stripped 2026-09-30)",,in-distribution positive (contains coffee beans); shot on a day the deployed checkpoint never trained on,ood_positives_2026-09-30
PXL_20260914_063047551.jpg,user_beans_independent,pixel,holdout,2026-09-14,"PXL_20260914_063047551.jpg (user capture, metadata stripped 2026-09-30)",,in-distribution positive (contains coffee beans); shot on a day the deployed checkpoint never trained on,ood_positives_2026-09-30
PXL_20260915_114946300.jpg,user_beans_independent,pixel,dev,2026-09-15,"PXL_20260915_114946300.jpg (user capture, metadata stripped 2026-09-30)",,in-distribution positive (contains coffee beans); shot on a day the deployed checkpoint never trained on,ood_positives_2026-09-30
PXL_20260917_044001055.jpg,user_beans_independent,pixel,dev,2026-09-17,"PXL_20260917_044001055.jpg (user capture, metadata stripped 2026-09-30)",,in-distribution positive (contains coffee beans); shot on a day the deployed checkpoint never trained on; green (unroasted) beans,ood_positives_2026-09-30
PXL_20260917_044216107.jpg,user_beans_independent,pixel,dev,2026-09-17,"PXL_20260917_044216107.jpg (user capture, metadata stripped 2026-09-30)",,in-distribution positive (contains coffee beans); shot on a day the deployed checkpoint never trained on; green (unroasted) beans,ood_positives_2026-09-30
PXL_20260921_064126147.jpg,user_beans_independent,pixel,dev,2026-09-21,"PXL_20260921_064126147.jpg (user capture, metadata stripped 2026-09-30)",,in-distribution positive (contains coffee beans); shot on a day the deployed checkpoint never trained on,ood_positives_2026-09-30
PXL_20260921_064142067.jpg,user_beans_independent,pixel,dev,2026-09-21,"PXL_20260921_064142067.jpg (user capture, metadata stripped 2026-09-30)",,in-distribution positive (contains coffee beans); shot on a day the deployed checkpoint never trained on; wide framing: beans in a grinder hopper,ood_positives_2026-09-30
PXL_20260921_071236450.jpg,user_beans_independent,pixel,holdout,2026-09-21,"PXL_20260921_071236450.jpg (user capture, metadata stripped 2026-09-30)",,"in-distribution positive (contains coffee beans); shot on a day the deployed checkpoint never trained on; close-up, few large beans in frame",ood_positives_2026-09-30
PXL_20260921_071312732.jpg,user_beans_independent,pixel,holdout,2026-09-21,"PXL_20260921_071312732.jpg (user capture, metadata stripped 2026-09-30)",,in-distribution positive (contains coffee beans); shot on a day the deployed checkpoint never trained on; wide framing: beans in an open bag,ood_positives_2026-09-30
PXL_20261005_054730718.jpg,user_beans_independent,pixel,holdout,2026-10-05,"PXL_20261005_054730718.jpg (user capture, metadata stripped 2026-10-05)",,in-distribution positive (contains coffee beans); shot on a day the deployed checkpoint never trained on; wide framing: roasted beans in a grinder hopper,ood_positives_2026-10-05
PXL_20261005_054735253.jpg,user_beans_independent,pixel,holdout,2026-10-05,"PXL_20261005_054735253.jpg (user capture, metadata stripped 2026-10-05)",,in-distribution positive (contains coffee beans); shot on a day the deployed checkpoint never trained on; wide framing: roasted beans in a grinder hopper,ood_positives_2026-10-05
PXL_20261005_073955312.jpg,user_beans_independent,pixel,holdout,2026-10-05,"PXL_20261005_073955312.jpg (user capture, metadata stripped 2026-10-05)",,"in-distribution positive (contains coffee beans); shot on a day the deployed checkpoint never trained on; top-down close-up, roasted",ood_positives_2026-10-05
PXL_20261006_053625750.jpg,user_beans_independent,pixel,holdout,2026-10-06,"PXL_20261006_053625750.jpg (user capture, metadata stripped 2026-10-06)",,in-distribution positive (contains coffee beans); shot on a day the deployed checkpoint never trained on; independent by the owner's call although random_date_raccoon class_005 was shot the same morning; top-down: roasted beans in a grinder hopper,ood_positives_2026-10-06
