filename,camera,date,batch,duplicate_of,notes
IMG_20261008_092817.jpg,oneplus_kb2005,2026-10-08,2026-10-08,dataset/random_date_raccoon/class_005__Guatemala_Tata/IMG_20261008_092817.jpg,
IMG_20261008_092822.jpg,oneplus_kb2005,2026-10-08,2026-10-08,dataset/random_date_raccoon/class_005__Guatemala_Tata/IMG_20261008_092822.jpg,
IMG_6259D.HEIC,iphone,2026-08-25,2026-10-08,dataset/2026-08-25__iphone/class_003__Colombia_PinkBourbon/IMG_6259D.HEIC,
IMG_6260.HEIC,iphone,2026-08-25,2026-10-08,dataset/2026-08-25__iphone/class_003__Colombia_PinkBourbon/IMG_6260.HEIC,
IMG_6261.HEIC,iphone,2026-08-25,2026-10-08,dataset/2026-08-25__iphone/class_003__Colombia_PinkBourbon/IMG_6261.HEIC,
IMG_6262.HEIC,iphone,2026-08-25,2026-10-08,dataset/2026-08-25__iphone/class_003__Colombia_PinkBourbon/IMG_6262.HEIC,
IMG_9267.HEIC,iphone_15_pro_max,2026-10-08,2026-10-08,dataset/random_date_raccoon/class_005__Guatemala_Tata/IMG_9267.HEIC,
IMG_9268.HEIC,iphone_15_pro_max,2026-10-08,2026-10-08,dataset/random_date_raccoon/class_005__Guatemala_Tata/IMG_9268.HEIC,
IMG_9271.HEIC,iphone_15_pro_max,2026-10-08,2026-10-08,dataset/random_date_raccoon/class_005__Guatemala_Tata/IMG_9271.HEIC,
IMG_9273.HEIC,iphone_15_pro_max,2026-10-08,2026-10-08,dataset/random_date_raccoon/class_005__Guatemala_Tata/IMG_9273.HEIC,
PIC_20260809_210051.JPG,sony,2026-08-09,2026-10-08,dataset/2026-08-09__sony_cam/class_006__Brazil_Cerrado/PIC_20260809_210051.JPG,
PIC_20260809_210057.JPG,sony,2026-08-09,2026-10-08,dataset/2026-08-09__sony_cam/class_006__Brazil_Cerrado/PIC_20260809_210057.JPG,
PIC_20260830_200147.JPG,sony,2026-08-30,2026-10-08,dataset/2026-08-30__sony/class_010__Indonesia_Java/PIC_20260830_200147.JPG,
PIC_20260830_200207.JPG,sony,2026-08-30,2026-10-08,dataset/2026-08-30__sony/class_010__Indonesia_Java/PIC_20260830_200207.JPG,
PIC_20260830_200224.JPG,sony,2026-08-30,2026-10-08,dataset/2026-08-30__sony/class_010__Indonesia_Java/PIC_20260830_200224.JPG,
PIC_20260911_130253.JPG,sony,2026-09-11,2026-09-11,,
PIC_20260911_130306.JPG,sony,2026-09-11,2026-09-11,,
PIC_20260911_130350.JPG,sony,2026-09-11,2026-09-11,,
PIC_20260911_130400.JPG,sony,2026-09-11,2026-09-11,,
PIC_20260911_130558.JPG,sony,2026-09-11,2026-09-11,,
PIC_20260911_131225.JPG,sony,2026-09-11,2026-09-11,,
PIC_20260911_131238.JPG,sony,2026-09-11,2026-09-11,,
PIC_20260911_131316.JPG,sony,2026-09-11,2026-09-11,,
PIC_20260911_131429.JPG,sony,2026-09-11,2026-09-11,,
PIC_20260911_131514.JPG,sony,2026-09-11,2026-09-11,,
PIC_20260924_145832.JPG,sony,2026-09-24,2026-10-08,dataset/2026-09-24__sony/class_012__Rwanda_Gisuma/PIC_20260924_145832.JPG,
PIC_20260924_150406.JPG,sony,2026-09-24,2026-10-08,dataset/2026-09-24__sony/class_012__Rwanda_Gisuma/PIC_20260924_150406.JPG,
PIC_20260924_152141.JPG,sony,2026-09-24,2026-10-08,dataset/2026-09-24__sony/class_012__Rwanda_Gisuma/PIC_20260924_152141.JPG,
PIC_20260924_200435.JPG,sony,2026-09-24,2026-10-08,dataset/2026-09-24__sony/class_011__Peru_Minca/PIC_20260924_200435.JPG,
PIC_20260924_200454.JPG,sony,2026-09-24,2026-10-08,dataset/2026-09-24__sony/class_011__Peru_Minca/PIC_20260924_200454.JPG,
PIC_20260924_201949.JPG,sony,2026-09-24,2026-10-08,dataset/2026-09-24__sony/class_011__Peru_Minca/PIC_20260924_201949.JPG,
PXL_20260724_114105353.RAW-01.jpg,pixel,2026-07-24,2026-10-08,dataset/2026-07-24__first_pictures/jpg/PXL_20260724_114105353.RAW-01.jpg,
PXL_20260724_114407431.RAW-01.jpg,pixel,2026-07-24,2026-10-08,dataset/2026-07-24__first_pictures/jpg/PXL_20260724_114407431.RAW-01.jpg,
PXL_20260724_114430936.RAW-01.jpg,pixel,2026-07-24,2026-10-08,dataset/2026-07-24__first_pictures/jpg/PXL_20260724_114430936.RAW-01.jpg,
PXL_20260724_114729110.RAW-01.jpg,pixel,2026-07-24,2026-10-08,dataset/2026-07-24__first_pictures/jpg/PXL_20260724_114729110.RAW-01.jpg,
PXL_20260724_114752775.RAW-01.jpg,pixel,2026-07-24,2026-10-08,dataset/2026-07-24__first_pictures/jpg/PXL_20260724_114752775.RAW-01.jpg,
PXL_20260724_114930003.RAW-01.jpg,pixel,2026-07-24,2026-10-08,dataset/2026-07-24__first_pictures/jpg/PXL_20260724_114930003.RAW-01.jpg,
PXL_20260724_114948416.RAW-01.jpg,pixel,2026-07-24,2026-10-08,dataset/2026-07-24__first_pictures/jpg/PXL_20260724_114948416.RAW-01.jpg,
PXL_20260724_115804784.RAW-01.jpg,pixel,2026-07-24,2026-10-08,dataset/2026-07-24__first_pictures/jpg/PXL_20260724_115804784.RAW-01.jpg,
PXL_20260724_115832790.RAW-01.jpg,pixel,2026-07-24,2026-10-08,dataset/2026-07-24__first_pictures/jpg/PXL_20260724_115832790.RAW-01.jpg,
PXL_20260724_120016613.RAW-01.jpg,pixel,2026-07-24,2026-10-08,dataset/2026-07-24__first_pictures/jpg/PXL_20260724_120016613.RAW-01.jpg,
PXL_20260724_120023362.RAW-01.jpg,pixel,2026-07-24,2026-10-08,dataset/2026-07-24__first_pictures/jpg/PXL_20260724_120023362.RAW-01.jpg,
PXL_20260724_120123051.RAW-01.jpg,pixel,2026-07-24,2026-10-08,dataset/2026-07-24__first_pictures/jpg/PXL_20260724_120123051.RAW-01.jpg,
PXL_20260724_120138743.RAW-01.jpg,pixel,2026-07-24,2026-10-08,dataset/2026-07-24__first_pictures/jpg/PXL_20260724_120138743.RAW-01.jpg,
PXL_20260724_120251790.RAW-01.jpg,pixel,2026-07-24,2026-10-08,dataset/2026-07-24__first_pictures/jpg/PXL_20260724_120251790.RAW-01.jpg,
PXL_20260724_120258722.RAW-01.jpg,pixel,2026-07-24,2026-10-08,dataset/2026-07-24__first_pictures/jpg/PXL_20260724_120258722.RAW-01.jpg,
PXL_20260724_120402212.RAW-01.jpg,pixel,2026-07-24,2026-10-08,dataset/2026-07-24__first_pictures/jpg/PXL_20260724_120402212.RAW-01.jpg,
PXL_20260724_120412534.RAW-01.jpg,pixel,2026-07-24,2026-10-08,dataset/2026-07-24__first_pictures/jpg/PXL_20260724_120412534.RAW-01.jpg,
PXL_20260806_150833680.jpg,pixel,2026-08-06,2026-10-08,dataset/2026-08-06__box_pictures/PXL_20260806_150833680.jpg,
PXL_20260806_151019702.jpg,pixel,2026-08-06,2026-10-08,dataset/2026-08-06__box_pictures/PXL_20260806_151019702.jpg,
PXL_20260806_151042773.jpg,pixel,2026-08-06,2026-10-08,dataset/2026-08-06__box_pictures/PXL_20260806_151042773.jpg,
PXL_20260809_121311639.jpg,pixel,2026-08-09,2026-09-10,,
PXL_20260809_121530650.jpg,pixel,2026-08-09,2026-09-10,,
PXL_20260809_121727912.jpg,pixel,2026-08-09,2026-09-10,,
PXL_20260809_121753037.jpg,pixel,2026-08-09,2026-09-10,,
PXL_20260809_123112607.jpg,pixel,2026-08-09,2026-09-10,,
PXL_20260809_123148443.jpg,pixel,2026-08-09,2026-09-10,,
PXL_20260809_131631492.jpg,pixel,2026-08-09,2026-10-08,dataset/2026-08-09__pixel_cam/class_002__Kenya_AA/PXL_20260809_131631492.jpg,
PXL_20260809_131637172.jpg,pixel,2026-08-09,2026-10-08,dataset/2026-08-09__pixel_cam/class_002__Kenya_AA/PXL_20260809_131637172.jpg,
PXL_20260809_131702354.jpg,pixel,2026-08-09,2026-10-08,dataset/2026-08-09__pixel_cam/class_002__Kenya_AA/PXL_20260809_131702354.jpg,
PXL_20260809_131705988.jpg,pixel,2026-08-09,2026-10-08,dataset/2026-08-09__pixel_cam/class_002__Kenya_AA/PXL_20260809_131705988.jpg,
PXL_20260823_145320597.jpg,pixel,2026-08-23,2026-09-10,,
PXL_20260823_145406723.jpg,pixel,2026-08-23,2026-09-10,,
PXL_20260824_174917686.jpg,pixel,2026-08-24,2026-09-10,,
PXL_20260824_175231515.jpg,pixel,2026-08-24,2026-09-10,,
PXL_20260827_185335018.jpg,oneplus,2026-08-27,2026-10-08,dataset/2026-08-27__oneplus_flash/class_002__Kenya_AA/PXL_20260827_185335018.jpg,
PXL_20260827_185344206.jpg,oneplus,2026-08-27,2026-10-08,dataset/2026-08-27__oneplus_flash/class_002__Kenya_AA/PXL_20260827_185344206.jpg,
PXL_20260829_084655975.jpg,pixel,2026-08-29,2026-09-10,,
PXL_20260830_071013670.jpg,pixel,2026-08-30,2026-09-10,,
PXL_20260830_175126927.jpg,oneplus,2026-08-30,2026-10-08,dataset/2026-08-30__oneplus/class_010__Indonesia_Java/PXL_20260830_175126927.jpg,
PXL_20260830_175136719.jpg,oneplus,2026-08-30,2026-10-08,dataset/2026-08-30__oneplus/class_010__Indonesia_Java/PXL_20260830_175136719.jpg,
PXL_20260830_175146406.jpg,oneplus,2026-08-30,2026-10-08,dataset/2026-08-30__oneplus/class_010__Indonesia_Java/PXL_20260830_175146406.jpg,
PXL_20260831_051541829.jpg,pixel,2026-08-31,2026-09-10,,
PXL_20260903_062148691.jpg,pixel,2026-09-03,2026-09-10,,
PXL_20260911_055830868.jpg,pixel,2026-09-11,2026-09-11,,
PXL_20260911_055848611.jpg,pixel,2026-09-11,2026-09-11,,
PXL_20260911_055905289.jpg,pixel,2026-09-11,2026-09-11,,
PXL_20260911_055950561.jpg,pixel,2026-09-11,2026-09-11,,
PXL_20260911_060718015.jpg,pixel,2026-09-11,2026-09-11,,
PXL_20260911_061016718.jpg,pixel,2026-09-11,2026-09-11,,
PXL_20260911_061045649.jpg,pixel,2026-09-11,2026-09-11,,
PXL_20260911_061100589.jpg,pixel,2026-09-11,2026-09-11,,
PXL_20260911_061127243.jpg,pixel,2026-09-11,2026-09-11,,
PXL_20260911_061147113.jpg,pixel,2026-09-11,2026-09-11,,
PXL_20260911_102218302.jpg,pixel,2026-09-11,2026-09-30,,
PXL_20260911_110040129.jpg,oneplus,2026-09-11,2026-09-11,,
PXL_20260911_110053934.jpg,oneplus,2026-09-11,2026-09-11,,
PXL_20260911_110140290.jpg,oneplus,2026-09-11,2026-09-11,,
PXL_20260911_110204912.jpg,oneplus,2026-09-11,2026-09-11,,
PXL_20260911_110638951.jpg,oneplus,2026-09-11,2026-09-11,,
PXL_20260911_111549992.jpg,oneplus,2026-09-11,2026-09-11,,
PXL_20260911_111601235.jpg,oneplus,2026-09-11,2026-09-11,,
PXL_20260911_111613659.jpg,oneplus,2026-09-11,2026-09-11,,
PXL_20260911_111643055.jpg,oneplus,2026-09-11,2026-09-11,,
PXL_20260911_111725716.jpg,oneplus,2026-09-11,2026-09-11,,
PXL_20260912_063727989.jpg,pixel,2026-09-12,2026-09-30,,
PXL_20260914_063047551.jpg,pixel,2026-09-14,2026-09-30,,
PXL_20260915_114946300.jpg,pixel,2026-09-15,2026-09-30,,
PXL_20260917_044001055.jpg,pixel,2026-09-17,2026-09-30,,green (unroasted) beans
PXL_20260917_044216107.jpg,pixel,2026-09-17,2026-09-30,,green (unroasted) beans
PXL_20260921_064126147.jpg,pixel,2026-09-21,2026-09-30,,
PXL_20260921_064142067.jpg,pixel,2026-09-21,2026-09-30,,wide framing: beans in a grinder hopper
PXL_20260921_071236450.jpg,pixel,2026-09-21,2026-09-30,,"close-up, few large beans in frame"
PXL_20260921_071312732.jpg,pixel,2026-09-21,2026-09-30,,wide framing: beans in an open bag
PXL_20260924_103614873.jpg,oneplus,2026-09-24,2026-10-08,dataset/2026-09-24__oneplus/class_012__Rwanda_Gisuma/PXL_20260924_103614873.jpg,
PXL_20260924_103653328.jpg,oneplus,2026-09-24,2026-10-08,dataset/2026-09-24__oneplus/class_012__Rwanda_Gisuma/PXL_20260924_103653328.jpg,
PXL_20260924_104055590.jpg,oneplus,2026-09-24,2026-10-08,dataset/2026-09-24__oneplus/class_012__Rwanda_Gisuma/PXL_20260924_104055590.jpg,
PXL_20260924_175043854.jpg,oneplus,2026-09-24,2026-10-08,dataset/2026-09-24__oneplus/class_011__Peru_Minca/PXL_20260924_175043854.jpg,
PXL_20260927_103241427.jpg,pixel,2026-09-27,2026-10-08,dataset/random_date_raccoon/class_001__Ethiopia_Sidamo/PXL_20260927_103241427.jpg,
PXL_20261002_071216473.jpg,pixel,2026-10-02,2026-10-08,dataset/random_date_raccoon/class_014__Colombia_Excelso/PXL_20261002_071216473.jpg,
PXL_20261003_061147257.jpg,pixel,2026-10-03,2026-10-08,dataset/random_date_raccoon/class_014__Colombia_Excelso/PXL_20261003_061147257.jpg,
PXL_20261003_061153572.jpg,pixel,2026-10-03,2026-10-08,dataset/random_date_raccoon/class_014__Colombia_Excelso/PXL_20261003_061153572.jpg,
PXL_20261003_061158094.jpg,pixel,2026-10-03,2026-10-08,dataset/random_date_raccoon/class_014__Colombia_Excelso/PXL_20261003_061158094.jpg,
PXL_20261003_061204827.jpg,pixel,2026-10-03,2026-10-08,dataset/random_date_raccoon/class_014__Colombia_Excelso/PXL_20261003_061204827.jpg,
PXL_20261003_061208545.jpg,pixel,2026-10-03,2026-10-08,dataset/random_date_raccoon/class_014__Colombia_Excelso/PXL_20261003_061208545.jpg,
PXL_20261004_053708433.jpg,pixel,2026-10-04,2026-10-08,dataset/random_date_raccoon/class_014__Colombia_Excelso/PXL_20261004_053708433.jpg,
PXL_20261005_054730718.jpg,pixel,2026-10-05,2026-10-05,,wide framing: roasted beans in a grinder hopper
PXL_20261005_054735253.jpg,pixel,2026-10-05,2026-10-05,,wide framing: roasted beans in a grinder hopper
PXL_20261005_073955312.jpg,pixel,2026-10-05,2026-10-05,,"top-down close-up, roasted"
PXL_20261006_053625750.jpg,pixel,2026-10-06,2026-10-06,,top-down: roasted beans in a grinder hopper
PXL_20261006_064901464.jpg,pixel,2026-10-06,2026-10-08,dataset/random_date_raccoon/class_005__Guatemala_Tata/PXL_20261006_064901464.jpg,
PXL_20261006_065058870.jpg,pixel,2026-10-06,2026-10-08,dataset/random_date_raccoon/class_005__Guatemala_Tata/PXL_20261006_065058870.jpg,
PXL_20261007_043818022.jpg,pixel,2026-10-07,2026-10-08,dataset/random_date_raccoon/class_009__Vietnam_Robusta/PXL_20261007_043818022.jpg,
PXL_20261007_055432129.jpg,pixel,2026-10-07,2026-10-08,dataset/random_date_raccoon/class_013__Brazil_SulDeMinas/PXL_20261007_055432129.jpg,
PXL_20261007_055440501.jpg,pixel,2026-10-07,2026-10-08,dataset/random_date_raccoon/class_013__Brazil_SulDeMinas/PXL_20261007_055440501.jpg,
PXL_20261008_042411201.jpg,pixel,2026-10-08,2026-10-08,dataset/random_date_raccoon/class_005__Guatemala_Tata/PXL_20261008_042411201.jpg,
PXL_20261008_042418770.jpg,pixel,2026-10-08,2026-10-08,dataset/random_date_raccoon/class_005__Guatemala_Tata/PXL_20261008_042418770.jpg,
PXL_20261008_042435945.jpg,pixel,2026-10-08,2026-10-08,dataset/random_date_raccoon/class_005__Guatemala_Tata/PXL_20261008_042435945.jpg,
PXL_20261008_074853981.jpg,pixel,2026-10-08,2026-10-10,,
PXL_20261008_074902440.jpg,pixel,2026-10-08,2026-10-10,,
PXL_20261008_074913048.jpg,pixel,2026-10-08,2026-10-10,,
PXL_20261010_041340477.jpg,pixel,2026-10-10,2026-10-10,dataset/random_date_raccoon/class_005__Guatemala_Tata/PXL_20261010_041340477.jpg,
