set,path,model,output,n_points,replay_iou,replay_empty,click0,click1,click2,click3
ml5:pass1,dataset/2026-09-24__oneplus/class_011__Peru_Minca/PXL_20260924_174814080.jpg,xl0_v1,multi3,13,0.9919396162195232,0,0.9870460084154348,0.9920604856237968,0.9918344789900834,0.9936654435276076
ml5:pass1,dataset/2026-09-24__oneplus/class_011__Peru_Minca/PXL_20260924_174814080.jpg,pretrained_xl0,multi3,13,0.9965023087864174,0,0.9856288048604221,0.9881993174732079,0.9922751293387844,0.9941895046479328
ml5:pass1,dataset/2026-09-24__oneplus/class_012__Rwanda_Gisuma/PXL_20260924_102444840.jpg,xl0_v1,multi3,11,0.9950263605497592,0,0.9574617057562624,0.9958655926592112,0.9965832370115443,0.995157448095037
ml5:pass1,dataset/2026-09-24__oneplus/class_012__Rwanda_Gisuma/PXL_20260924_102444840.jpg,pretrained_xl0,multi3,11,0.9979003034921131,0,0.997458009676215,0.9979638147488032,0.9979219372336505,0.9969358801658168
ml5:pass1,dataset/2026-09-24__pixel/class_012__Rwanda_Gisuma/PXL_20260924_054328836.jpg,xl0_v1,multi3,16,0.9974836449605679,0,0.9778210003036305,0.9975875037259242,0.9973677767671731,0.9968575241806981
ml5:pass1,dataset/2026-09-24__pixel/class_012__Rwanda_Gisuma/PXL_20260924_054328836.jpg,pretrained_xl0,multi3,16,0.9978317300738658,0,0.997659844065707,0.997545120308135,0.996734962172259,0.9820186771119674
ml5:pass1,dataset/ood_positives_internet/internet_beans/internet_beans_001.jpg,xl0_v1,multi3,14,0.9944021582455219,0,0.47758958852026384,0.9959031902938006,0.9954408732878185,0.9946470861455007
ml5:pass1,dataset/ood_positives_internet/internet_beans/internet_beans_001.jpg,pretrained_xl0,multi3,14,0.9949757469647829,0,0.9816829645690915,0.9142750128079468,0.905776689003121,0.9773799858275262
ml5:pass1,dataset/ood_positives_internet/internet_beans/internet_beans_005.jpg,xl0_v1,multi3,11,0.995819437537352,0,0.9610189658385538,0.9965605205078965,0.9977887932084567,0.9979177742970518
ml5:pass1,dataset/ood_positives_internet/internet_beans/internet_beans_005.jpg,pretrained_xl0,multi3,11,0.990637928216949,0,0.9778305315081689,0.9643435818017458,0.9820552521038521,0.8913463578551399
ml5:pass1,dataset/ood_positives_internet/internet_beans/internet_beans_008.jpg,xl0_v1,multi3,29,0.9117699799916946,0,0.0,0.888746697303857,0.7362008822801812,0.9060033979736626
ml5:pass1,dataset/ood_positives_internet/internet_beans/internet_beans_008.jpg,pretrained_xl0,multi3,29,0.5470008410428931,0,0.8561328465366141,0.8579195224631939,0.8591868090254341,0.8608105074903519
ml5:pass1,dataset/ood_positives_internet/internet_beans/internet_beans_015.jpg,xl0_v1,multi3,15,0.9969207533329852,0,0.905161995888371,0.9970495164237643,0.9965304730767515,0.9967148840337504
ml5:pass1,dataset/ood_positives_internet/internet_beans/internet_beans_015.jpg,pretrained_xl0,multi3,15,0.9976443653856684,0,0.9971580966247148,0.9972240536199308,0.9975029351017799,0.997477175506316
ml5:pass1,dataset/ood_positives_internet/internet_beans/internet_beans_016.jpg,xl0_v1,multi3,15,0.9952920400437796,0,0.0,0.9931430188563795,0.9933585733042691,0.9931060066211911
ml5:pass1,dataset/ood_positives_internet/internet_beans/internet_beans_016.jpg,pretrained_xl0,multi3,15,0.9974767451029269,0,0.9977444383804228,0.9979132470639132,0.9982168085837565,0.9980479064623967
ml5:pass1,dataset/ood_positives_internet/internet_beans/internet_beans_019.jpg,xl0_v1,multi3,9,0.9933007600122795,0,0.8051023955002858,0.9933028866966546,0.9966576841031548,0.996704025817509
ml5:pass1,dataset/ood_positives_internet/internet_beans/internet_beans_019.jpg,pretrained_xl0,multi3,9,0.9879803100011347,0,0.9944975952984929,0.9960577696641862,0.9897472155852649,0.9491516183595324
ml5:pass1,dataset/segmenter_positives/IMG_20261008_092822.jpg,xl0_v1,multi3,37,0.8044585643314853,0,0.8384729265757395,0.9193173699511573,0.923158121692884,0.8993364025464878
ml5:pass1,dataset/segmenter_positives/IMG_20261008_092822.jpg,pretrained_xl0,multi3,37,0.9470856003878684,0,0.0033772440510435094,0.025752168889286102,0.6433460213556594,0.7309998698681448
ml5:pass1,dataset/segmenter_positives/IMG_9267.HEIC,xl0_v1,multi3,21,0.9911743099158628,0,0.9903646340671473,0.9947155205465835,0.9951985297399052,0.995308021396883
ml5:pass1,dataset/segmenter_positives/IMG_9267.HEIC,pretrained_xl0,multi3,21,0.997707974465498,0,0.5693221185275935,0.8602052718332681,0.9849999400237506,0.9668116803733072
ml5:pass1,dataset/segmenter_positives/IMG_9268.HEIC,xl0_v1,multi3,25,0.9858012946403522,0,0.978830850846766,0.993677114724674,0.9952122265312466,0.9952432636256165
ml5:pass1,dataset/segmenter_positives/IMG_9268.HEIC,pretrained_xl0,multi3,25,0.9958745853550329,0,0.0003514206677788357,0.5252974176683313,0.6776670936159842,0.9517127828532296
ml5:pass1,dataset/segmenter_positives/IMG_9273.HEIC,xl0_v1,multi3,49,0.4826661694549102,0,0.9570074845009797,0.9643882235849359,0.9644458433433112,0.9630676707188568
ml5:pass1,dataset/segmenter_positives/IMG_9273.HEIC,pretrained_xl0,multi3,49,0.9682371387078947,0,0.0008833723188974071,0.007584205049564598,0.007728787825904855,0.008420202787737753
ml5:pass1,dataset/segmenter_positives/PIC_20260911_130253.JPG,xl0_v1,multi3,35,0.9927184712341557,0,0.9703738101944543,0.9923705943225859,0.99336084011493,0.9938001440293739
ml5:pass1,dataset/segmenter_positives/PIC_20260911_130253.JPG,pretrained_xl0,multi3,35,0.9970606941322839,0,6.462444794565343e-06,0.5761101730225214,0.9297279953191319,0.9893227087632619
ml5:pass1,dataset/segmenter_positives/PIC_20260911_130350.JPG,xl0_v1,multi3,29,0.9893052435836064,0,0.9599649186614766,0.992083237525868,0.991174968835243,0.991515951574919
ml5:pass1,dataset/segmenter_positives/PIC_20260911_130350.JPG,pretrained_xl0,multi3,29,0.9967498212861422,0,0.0007167549888217273,0.7848004524126567,0.975421009254456,0.9892500056938529
ml5:pass1,dataset/segmenter_positives/PIC_20260911_130558.JPG,xl0_v1,multi3,29,0.990170623568164,0,0.9858304117295742,0.9910882538583007,0.9923658035384763,0.9931672986915377
ml5:pass1,dataset/segmenter_positives/PIC_20260911_130558.JPG,pretrained_xl0,multi3,29,0.9965103256118881,0,0.0003271570056211522,0.7831731104082693,0.9803343847593159,0.9890858404624591
ml5:pass1,dataset/segmenter_positives/PIC_20260911_131238.JPG,xl0_v1,multi3,24,0.9850131641126038,0,0.9724393612502708,0.9907744564071274,0.9910274939405357,0.9910358285672509
ml5:pass1,dataset/segmenter_positives/PIC_20260911_131238.JPG,pretrained_xl0,multi3,24,0.9963465113536162,0,6.460407393290221e-06,7.759607363867389e-06,3.2342530686593116e-05,5.17634513798842e-06
ml5:pass1,dataset/segmenter_positives/PIC_20260911_131316.JPG,xl0_v1,multi3,25,0.9826243242151664,0,0.9803874622835813,0.9877937304816473,0.9876225988505051,0.9879979121788606
ml5:pass1,dataset/segmenter_positives/PIC_20260911_131316.JPG,pretrained_xl0,multi3,25,0.9961384402293323,0,4.135350005686106e-05,0.00013328692015337053,0.00032334122717049264,0.00025489970278953436
ml5:pass1,dataset/segmenter_positives/PIC_20260911_131429.JPG,xl0_v1,multi3,28,0.9832236171660141,0,0.9355451792558711,0.9846277610621108,0.987231520629058,0.9883604965835412
ml5:pass1,dataset/segmenter_positives/PIC_20260911_131429.JPG,pretrained_xl0,multi3,28,0.9964769841081061,0,3.232910511743871e-05,0.00034904013961605586,0.18542997638130637,0.07549296502872802
ml5:pass1,dataset/segmenter_positives/PIC_20260924_150406.JPG,xl0_v1,multi3,26,0.9925089516258239,0,0.9918294352697907,0.99331751489032,0.9935691737515016,0.9939348230912477
ml5:pass1,dataset/segmenter_positives/PIC_20260924_150406.JPG,pretrained_xl0,multi3,26,0.9968411913115098,0,0.0,0.9892367040010621,0.9918813429896848,0.9936980510639402
ml5:pass1,dataset/segmenter_positives/PXL_20260724_114105353.RAW-01.jpg,xl0_v1,multi3,63,0.04422259337989675,0,0.8187027970700975,0.8189166624500329,0.8273302137346655,0.8248416100762548
ml5:pass1,dataset/segmenter_positives/PXL_20260724_114105353.RAW-01.jpg,pretrained_xl0,multi3,63,0.8347955803898763,0,0.0,0.0,0.0,0.0
ml5:pass1,dataset/segmenter_positives/PXL_20260806_150833680.jpg,xl0_v1,multi3,32,0.2194577481938469,0,0.8768960093834137,0.8869834574573255,0.8888962021983808,0.8880940417316796
ml5:pass1,dataset/segmenter_positives/PXL_20260806_150833680.jpg,pretrained_xl0,multi3,32,0.8772098874479731,0,0.0003443818858058976,0.0004077059354944681,0.00039908445331298786,0.0003507726538226147
ml5:pass1,dataset/segmenter_positives/PXL_20260806_151019702.jpg,xl0_v1,multi3,41,0.2867351060717917,0,0.923365940716289,0.9307582721823509,0.9327701561127255,0.9351571658351735
ml5:pass1,dataset/segmenter_positives/PXL_20260806_151019702.jpg,pretrained_xl0,multi3,41,0.9499444429388331,0,0.0,0.0,0.0,0.0
ml5:pass1,dataset/segmenter_positives/PXL_20260806_151042773.jpg,xl0_v1,multi3,47,0.2708835395737998,0,0.9252829892044859,0.9145572610802857,0.9198806647137439,0.9175401156194284
ml5:pass1,dataset/segmenter_positives/PXL_20260806_151042773.jpg,pretrained_xl0,multi3,47,0.9666831425250811,0,0.0,0.0,0.0,0.0
ml5:pass1,dataset/segmenter_positives/PXL_20260911_055905289.jpg,xl0_v1,multi3,23,0.9933122578539091,0,0.9910968010774052,0.9937911001474936,0.9939996092768831,0.9936549449558423
ml5:pass1,dataset/segmenter_positives/PXL_20260911_055905289.jpg,pretrained_xl0,multi3,23,0.9959010676538441,0,4.114067668699273e-05,0.8613638214240771,0.982046288462066,0.9856694744556158
ml5:pass1,dataset/segmenter_positives/PXL_20260911_060718015.jpg,xl0_v1,multi3,26,0.9880367741184686,0,0.983126781870018,0.9887537843646484,0.9898224156932535,0.9889072765822545
ml5:pass1,dataset/segmenter_positives/PXL_20260911_060718015.jpg,pretrained_xl0,multi3,26,0.9944759083384159,0,0.00029401115958514897,0.00022880912562777897,0.00023668334598217158,0.0002445239504774652
ml5:pass1,dataset/segmenter_positives/PXL_20260911_061016718.jpg,xl0_v1,multi3,18,0.9785580390227497,0,0.0,0.9793084765184682,0.9808842624451578,0.9816036693019794
ml5:pass1,dataset/segmenter_positives/PXL_20260911_061016718.jpg,pretrained_xl0,multi3,18,0.9923600668727643,0,0.0003086056148294602,0.00030125578795694736,0.00040267457994885776,0.00022465448140759512
ml5:pass1,dataset/segmenter_positives/PXL_20260911_061045649.jpg,xl0_v1,multi3,19,0.9888483862448652,0,0.988117014161281,0.9901395040455788,0.9898674695079641,0.9887204277448179
ml5:pass1,dataset/segmenter_positives/PXL_20260911_061045649.jpg,pretrained_xl0,multi3,19,0.9943711135255091,0,0.0005764966172459603,0.9914856563259525,0.9927132537881111,0.993957042790203
ml5:pass1,dataset/segmenter_positives/PXL_20260911_061100589.jpg,xl0_v1,multi3,25,0.9909170746166965,0,0.9919450796866499,0.9951867616054736,0.99511489933598,0.9944547502758253
ml5:pass1,dataset/segmenter_positives/PXL_20260911_061100589.jpg,pretrained_xl0,multi3,25,0.9966822320493733,0,0.0,0.9831654885989588,0.9914261135957655,0.9925697440861116
ml5:pass1,dataset/segmenter_positives/PXL_20260911_110053934.jpg,xl0_v1,multi3,27,0.9799351835740386,0,0.18257822100901566,0.990205805839547,0.9895203842797609,0.9898113135739509
ml5:pass1,dataset/segmenter_positives/PXL_20260911_110053934.jpg,pretrained_xl0,multi3,27,0.9945720420755076,0,0.0,0.5486704805662671,0.9727249405597828,0.9868327841403072
ml5:pass1,dataset/segmenter_positives/PXL_20260911_110140290.jpg,xl0_v1,multi3,23,0.9852442509293237,0,0.973976222980207,0.9906642057613824,0.9923469692089283,0.9885623450674242
ml5:pass1,dataset/segmenter_positives/PXL_20260911_110140290.jpg,pretrained_xl0,multi3,23,0.9958368175489263,0,0.00012092087094232465,0.915081572471727,0.9821115452958505,0.9850890850690835
ml5:pass1,dataset/segmenter_positives/PXL_20260911_110204912.jpg,xl0_v1,multi3,21,0.9961923556162755,0,0.9950428413029071,0.996921388679818,0.9954271885355457,0.9954135622545662
ml5:pass1,dataset/segmenter_positives/PXL_20260911_110204912.jpg,pretrained_xl0,multi3,21,0.997647623847312,0,0.0,0.9929643519835091,0.9952175035904155,0.9962025136868721
ml5:pass1,dataset/segmenter_positives/PXL_20260911_111549992.jpg,xl0_v1,multi3,13,0.9970095838507339,0,0.9955900336288597,0.9964397943105493,0.9968257001101833,0.9969250287880487
ml5:pass1,dataset/segmenter_positives/PXL_20260911_111549992.jpg,pretrained_xl0,multi3,13,0.9980977022178195,0,0.9974284849055499,0.9978728631567424,0.9978842983623044,0.9978169551934827
ml5:pass1,dataset/segmenter_positives/PXL_20260911_111601235.jpg,xl0_v1,multi3,22,0.9783285808291292,0,0.9746066134164819,0.989153281174617,0.9904325912631611,0.9900506408547879
ml5:pass1,dataset/segmenter_positives/PXL_20260911_111601235.jpg,pretrained_xl0,multi3,22,0.9956132660768234,0,2.0647852171702375e-05,1.5505418497705845e-05,1.940388672787084e-05,1.5527166719070853e-05
ml5:pass1,dataset/segmenter_positives/PXL_20260911_111643055.jpg,xl0_v1,multi3,20,0.9823004775878934,0,0.9652860096749567,0.9879929744903437,0.9874249774692719,0.9860697204355514
ml5:pass1,dataset/segmenter_positives/PXL_20260911_111643055.jpg,pretrained_xl0,multi3,20,0.9953200933685379,0,9.915014164305949e-05,6.95945345092232e-05,6.576376880553654e-05,6.449831917380233e-05
ml5:pass1,dataset/segmenter_positives/PXL_20260911_111725716.jpg,xl0_v1,multi3,16,0.9818730048904754,0,0.9884410102423419,0.9929164899715717,0.9913443215527572,0.9906753220216437
ml5:pass1,dataset/segmenter_positives/PXL_20260911_111725716.jpg,pretrained_xl0,multi3,16,0.9960403492333567,0,1.2933347991127723e-05,1.2936426519156907e-05,1.2939523256205149e-05,1.2944011970622271e-05
ml5:pass1,dataset/segmenter_positives/PXL_20260921_071312732.jpg,xl0_v1,multi3,29,0.9523520271607817,0,0.9835972697355937,0.9885357182505192,0.9870504649801651,0.9764234079360518
ml5:pass1,dataset/segmenter_positives/PXL_20260921_071312732.jpg,pretrained_xl0,multi3,29,0.9890782652057378,0,0.0018529473666247633,0.5446996779625964,0.6124904481876474,0.9541686438326682
ml5:pass1,dataset/segmenter_positives/PXL_20260924_103614873.jpg,xl0_v1,multi3,25,0.9922024232469294,0,0.9898423405757314,0.9935428523988303,0.9937348530791917,0.9934757039736168
ml5:pass1,dataset/segmenter_positives/PXL_20260924_103614873.jpg,pretrained_xl0,multi3,25,0.9972669536442155,0,0.0,0.8086028246911369,0.9744708887629636,0.9880203476242484
ml5:pass1,dataset/segmenter_positives/PXL_20260927_103241427.jpg,xl0_v1,multi3,36,0.9546523062119376,0,0.990146999732119,0.9915641735141562,0.9922266026199773,0.9923371002594277
ml5:pass1,dataset/segmenter_positives/PXL_20260927_103241427.jpg,pretrained_xl0,multi3,36,0.9905886170091733,0,0.0003015638238292862,0.7042028496566115,0.8888459518271179,0.9686298882909995
ml5:pass1,dataset/segmenter_positives/PXL_20261003_061147257.jpg,xl0_v1,multi3,36,0.8758346727742908,0,0.9724295366762576,0.9783476362159143,0.9813515616241026,0.9809794334602957
ml5:pass1,dataset/segmenter_positives/PXL_20261003_061147257.jpg,pretrained_xl0,multi3,36,0.9847100307090252,0,0.5700714462099061,0.5799033150789578,0.8581309274578142,0.9549062884080602
ml5:pass1,dataset/segmenter_positives/PXL_20261003_061158094.jpg,xl0_v1,multi3,41,0.8974460502870719,0,0.9753358995773057,0.9774766620982132,0.9436249122665983,0.9442158419949408
ml5:pass1,dataset/segmenter_positives/PXL_20261003_061158094.jpg,pretrained_xl0,multi3,41,0.9858523466418383,0,0.000219910139471449,0.619505450271306,0.9347080294194712,0.9332830803460161
ml5:pass1,dataset/segmenter_positives/PXL_20261006_064901464.jpg,xl0_v1,multi3,12,0.9664148245749289,0,0.6238703065312587,0.883195502607411,0.897404605515373,0.9136481496032057
ml5:pass1,dataset/segmenter_positives/PXL_20261006_064901464.jpg,pretrained_xl0,multi3,12,0.9216419603445706,0,0.0,0.28956959726755876,0.011221906052236545,0.7527365076643646
ml5:pass1,dataset/segmenter_positives/PXL_20261006_065058870.jpg,xl0_v1,multi3,14,0.9950786750851212,0,0.9963583965384123,0.996629563659555,0.9965864531308045,0.9967051955103128
ml5:pass1,dataset/segmenter_positives/PXL_20261006_065058870.jpg,pretrained_xl0,multi3,14,0.9973283837547564,0,0.6977343606810051,0.7750616262930302,0.9894390627782224,0.1579339346258929
ml5:pass1,dataset/segmenter_positives/PXL_20261007_043818022.jpg,xl0_v1,multi3,7,0.9578084085366539,0,0.9722813660443925,0.9849061475593874,0.9816002762485226,0.9762773927596626
ml5:pass1,dataset/segmenter_positives/PXL_20261007_043818022.jpg,pretrained_xl0,multi3,7,0.9900826724116195,0,0.0024953524861793396,0.001976558885518943,0.001900343271215139,0.001799531195092094
