# ML-3 P2: the new photos, fixed by the owner on 2026-10-05 (Q4); written by analysis/ml3/new_photos.py. sha256 is before the strip.
session,class_folder,file,camera,capture_time,sha256
2026-09-11__oneplus,class_011__Peru_Minca,PXL_20260911_103514697.jpg,GM1911 (OnePlus7Pro) OnePlus,2026:09:11 10:35:14+05:00,913ecd27eec45a6932cc389f29bf17ec546bd7de015388e5306ceb422fe8aed7
2026-09-11__oneplus,class_011__Peru_Minca,PXL_20260911_103522456.jpg,GM1911 (OnePlus7Pro) OnePlus,2026:09:11 10:35:22+05:00,80e428de083b7a221e5bf2b3b2fd99900ad46824698d548d99645469872467e3
2026-09-11__oneplus,class_011__Peru_Minca,PXL_20260911_103529897.jpg,GM1911 (OnePlus7Pro) OnePlus,2026:09:11 10:35:29+05:00,8e4522cf5dff6b15bb0a74b65d92da22795d0d5c6b65e19372774fc1576a2a4f
2026-09-11__oneplus,class_011__Peru_Minca,PXL_20260911_103544274.jpg,GM1911 (OnePlus7Pro) OnePlus,2026:09:11 10:35:44+05:00,7a390cc4d03e8fa08b1f740b7364201d8e118c0e09f162294322e20e927d9689
2026-09-11__oneplus,class_011__Peru_Minca,PXL_20260911_103553589.jpg,GM1911 (OnePlus7Pro) OnePlus,2026:09:11 10:35:53+05:00,2f920fa499393ff1578af3b4002e1de3e8ed253d9de35a41b4676e346a20c801
2026-09-11__oneplus,class_011__Peru_Minca,PXL_20260911_103602670.jpg,GM1911 (OnePlus7Pro) OnePlus,2026:09:11 10:36:02+05:00,54d675ad29689d50c4e838ba8e79c64e27140e48b71a03658dab4cfd62a836af
2026-09-11__oneplus,class_011__Peru_Minca,PXL_20260911_103613617.jpg,GM1911 (OnePlus7Pro) OnePlus,2026:09:11 10:36:13+05:00,c7a3fe4688be3738ebf78d232f6bdd6c28a510fee8229d423046365c88689c5a
2026-09-11__oneplus,class_011__Peru_Minca,PXL_20260911_103622460.jpg,GM1911 (OnePlus7Pro) OnePlus,2026:09:11 10:36:22+05:00,100eb09170c3ee23f451bca32a0d5d09bb0af0558305d430a56cf1c9eba74722
2026-09-11__oneplus,class_011__Peru_Minca,PXL_20260911_103654460.jpg,GM1911 (OnePlus7Pro) OnePlus,2026:09:11 10:36:54+05:00,f8f047698dbd60fb14c03187384978d80dc73a28e66c8d8ebeb8efc169033352
2026-09-11__oneplus,class_011__Peru_Minca,PXL_20260911_103706712.jpg,GM1911 (OnePlus7Pro) OnePlus,2026:09:11 10:37:06+05:00,8cb60d4d943313c6b4e32af9a2c673e84ac424d7f6bcf8d48ffac48dc139a27d
2026-09-11__oneplus,class_011__Peru_Minca,PXL_20260911_103735922.jpg,GM1911 (OnePlus7Pro) OnePlus,2026:09:11 10:37:35+05:00,d28d5f565b23db99ea0e052872b7eabd975a2226af20aedcd64842b7a76e806f
2026-09-11__oneplus,class_011__Peru_Minca,PXL_20260911_103804073.jpg,GM1911 (OnePlus7Pro) OnePlus,2026:09:11 10:38:04+05:00,1621dc5d807f06cc8ef6b0efa99d9b5a9034d299018843304f9d41f185fdc1e9
2026-09-11__oneplus,class_011__Peru_Minca,PXL_20260911_103815268.jpg,GM1911 (OnePlus7Pro) OnePlus,2026:09:11 10:38:15+05:00,ed1f089958c34fb956c5128e7081736a0fe2701cbc87af6854f06767f81bb32b
2026-09-11__oneplus,class_011__Peru_Minca,PXL_20260911_103826688.jpg,GM1911 (OnePlus7Pro) OnePlus,2026:09:11 10:38:26+05:00,776ff1d34a7dab4ce05c0f405b5ee41deb0c44397ae5b3b9cfb979998568c1ba
2026-09-11__oneplus,class_011__Peru_Minca,PXL_20260911_103839513.jpg,GM1911 (OnePlus7Pro) OnePlus,2026:09:11 10:38:39+05:00,7c085e4ffcb47aaa9936d9bb47c49dd5e5e38700fb5a28bfde1f6954b9dbbc95
2026-09-11__oneplus,class_011__Peru_Minca,PXL_20260911_103852413.jpg,GM1911 (OnePlus7Pro) OnePlus,2026:09:11 10:38:52+05:00,f35b0c473d120500b6f9e32698e650378beea86024a94004edf7485e206430cf
2026-09-11__oneplus,class_011__Peru_Minca,PXL_20260911_103912927.jpg,GM1911 (OnePlus7Pro) OnePlus,2026:09:11 10:39:12+05:00,0906f2bdfb81d3f0dd3689d2e69854a198099872cca8d3a38084ff8df7ea5cd3
2026-09-11__oneplus,class_011__Peru_Minca,PXL_20260911_103922010.jpg,GM1911 (OnePlus7Pro) OnePlus,2026:09:11 10:39:22+05:00,89b86ba2c2004d63f3eeb8f4ea105cba89785459be29b2eb495169bc1a5d3796
2026-09-11__oneplus,class_011__Peru_Minca,PXL_20260911_103932482.jpg,GM1911 (OnePlus7Pro) OnePlus,2026:09:11 10:39:32+05:00,76daa5e5ac1d21c2523afba337d1517056fb7d6cf8840a129efc916c3faf9675
2026-09-11__oneplus,class_011__Peru_Minca,PXL_20260911_103942885.jpg,GM1911 (OnePlus7Pro) OnePlus,2026:09:11 10:39:42+05:00,76f5d1c1d011f8b526dde8ca3ffeae2f9b7b19bb20169e1bcbc106a4f203471b
2026-09-11__pixel,class_011__Peru_Minca,PXL_20260911_052359836.jpg,Google Pixel 9 Pro,2026:09:11 10:23:59+05:00,8feaf6607fc322a3ce835c9b7aca15d91b9ecf7cae8908eda7fa4a3c95bcf247
2026-09-11__pixel,class_011__Peru_Minca,PXL_20260911_052409641.jpg,Google Pixel 9 Pro,2026:09:11 10:24:09+05:00,4206c716ea3d2086530045dd244f9d912754b1ae33da0b4886aff57ccbb6d444
2026-09-11__pixel,class_011__Peru_Minca,PXL_20260911_052417917.jpg,Google Pixel 9 Pro,2026:09:11 10:24:17+05:00,aebf649a2a801a9db54791991b26c9b2c24e9fc0176a7348745f4a279de04d96
2026-09-11__pixel,class_011__Peru_Minca,PXL_20260911_052433815.jpg,Google Pixel 9 Pro,2026:09:11 10:24:33+05:00,0d4d8bb41401a4735b489fca61dcb00e4a328f693377d77d034d288a49246b0b
2026-09-11__pixel,class_011__Peru_Minca,PXL_20260911_052451965.jpg,Google Pixel 9 Pro,2026:09:11 10:24:51+05:00,acc0aa637ce2ad9244704e3db161de4b48b71cf24ea47ec7ec9eb1392b5582fd
2026-09-11__pixel,class_011__Peru_Minca,PXL_20260911_052501251.jpg,Google Pixel 9 Pro,2026:09:11 10:25:01+05:00,0c5b4905981bf243622a0559e90307c30fb845a5e8f39ed4e1b761a3d61750cd
2026-09-11__pixel,class_011__Peru_Minca,PXL_20260911_052511172.jpg,Google Pixel 9 Pro,2026:09:11 10:25:11+05:00,9d9e094069e015391f21396c501ab72d8b046c1b778a42cb91d6d268fa97ee9c
2026-09-11__pixel,class_011__Peru_Minca,PXL_20260911_052519526.jpg,Google Pixel 9 Pro,2026:09:11 10:25:19+05:00,dbfacccf859b9510eb4a8c52861f06972de6c678ba0b93a8d8ec5002923e6603
2026-09-11__pixel,class_011__Peru_Minca,PXL_20260911_052530958.jpg,Google Pixel 9 Pro,2026:09:11 10:25:30+05:00,5b9f24b613f3d58740f68f3b96f48d0b3d3d2c1f9bac83e64b36a7687ce28f60
2026-09-11__pixel,class_011__Peru_Minca,PXL_20260911_052540421.jpg,Google Pixel 9 Pro,2026:09:11 10:25:40+05:00,cbcef3fcdc1ef0a4beaefc1612c42755414aa1aa978b9a9e25a3d43ff27b030c
2026-09-11__pixel,class_011__Peru_Minca,PXL_20260911_052548831.jpg,Google Pixel 9 Pro,2026:09:11 10:25:48+05:00,f765526c6a1271f6390ff88265d375839e15b087c208520873075f1538b34187
2026-09-11__pixel,class_011__Peru_Minca,PXL_20260911_052627823.jpg,Google Pixel 9 Pro,2026:09:11 10:26:27+05:00,980bc39a666b95593b2429b65a5e0499a230e5125c99c6d3a404deea462670c9
2026-09-11__pixel,class_011__Peru_Minca,PXL_20260911_052641686.jpg,Google Pixel 9 Pro,2026:09:11 10:26:41+05:00,1eaadca880cd5f73af322347823f7a2d46eca92e2516167722873a4b91708f0e
2026-09-11__pixel,class_011__Peru_Minca,PXL_20260911_052654983.jpg,Google Pixel 9 Pro,2026:09:11 10:26:54+05:00,b82db73d3fb825189365fd7ba341785ffb2d73b5b0efd995ab5e6c23e68fb795
2026-09-11__pixel,class_011__Peru_Minca,PXL_20260911_052709459.jpg,Google Pixel 9 Pro,2026:09:11 10:27:09+05:00,a8400872ff6e90daae1a01535a9f9bd4324ce67d4576ddc6c5319ace05117765
2026-09-11__pixel,class_011__Peru_Minca,PXL_20260911_052722718.jpg,Google Pixel 9 Pro,2026:09:11 10:27:22+05:00,76a5af2a449781d4646cb63303fe81b0a533393d807c4d37584fda7f4936ab18
2026-09-11__pixel,class_011__Peru_Minca,PXL_20260911_052733489.jpg,Google Pixel 9 Pro,2026:09:11 10:27:33+05:00,bc1030e8c88ffdaea76ee72781f6723dc7507e5d6df1c457abe2c1e5551c19a2
2026-09-11__pixel,class_011__Peru_Minca,PXL_20260911_052748958.jpg,Google Pixel 9 Pro,2026:09:11 10:27:48+05:00,0525b15e2aa8074d987240ec8c7960dd503fcc8e9defa04bb751d66169c52b20
2026-09-11__pixel,class_011__Peru_Minca,PXL_20260911_052803063.jpg,Google Pixel 9 Pro,2026:09:11 10:28:03+05:00,040610c411c180553b4e6eff9183a09d59c8715ffd2b77c711629afb4c37a9e0
2026-09-11__pixel,class_011__Peru_Minca,PXL_20260911_052846770.jpg,Google Pixel 9 Pro,2026:09:11 10:28:46+05:00,3dfa2e2f2b7027ff58d68f3c3a61b7344a624d921c8142c0613fd1f539eecdcb
2026-09-11__sony,class_011__Peru_Minca,PIC_20260911_124657.JPG,Sony G8441,2026:09:11 12:46:57+07:00,df571401040ffcd93482c33cbb170bce21f862379302324163ca71b117d0cfd9
2026-09-11__sony,class_011__Peru_Minca,PIC_20260911_124707.JPG,Sony G8441,2026:09:11 12:47:07+07:00,4ed8e80a488d78aeb7a19e342c9b367f0eed3eff21524f6e7310d0d104706f2b
2026-09-11__sony,class_011__Peru_Minca,PIC_20260911_124720.JPG,Sony G8441,2026:09:11 12:47:20+07:00,8ed440e0aa5a56225ea6f3ff1c7b6409bd1392e89c3e847a212d230685bb45ee
2026-09-11__sony,class_011__Peru_Minca,PIC_20260911_124734.JPG,Sony G8441,2026:09:11 12:47:34+07:00,1bf1046a55685c3e302778f37089cb8a7e83f21e825024013706fec0738fbbc6
2026-09-11__sony,class_011__Peru_Minca,PIC_20260911_124749.JPG,Sony G8441,2026:09:11 12:47:49+07:00,3de49ac280f4d45d29497e58fc6ae67af343dc0e6980618156624749f3b7063f
2026-09-11__sony,class_011__Peru_Minca,PIC_20260911_124800.JPG,Sony G8441,2026:09:11 12:48:00+07:00,ec1da639fab231348aa3e0a10ee22ad6a954a289e5185dcb936bc0931dab8451
2026-09-11__sony,class_011__Peru_Minca,PIC_20260911_124815.JPG,Sony G8441,2026:09:11 12:48:15+07:00,ff40632283be279e103df3c339503afc3b3d808c8d2235190307bb927a51e203
2026-09-11__sony,class_011__Peru_Minca,PIC_20260911_124828.JPG,Sony G8441,2026:09:11 12:48:28+07:00,e6bd24ad2166aa19b7c8ec581183babc30e28071e248edb4713c7c3417267f7a
2026-09-11__sony,class_011__Peru_Minca,PIC_20260911_124841.JPG,Sony G8441,2026:09:11 12:48:41+07:00,60b8a99d8cc27944686567451f92a3d2004c471f327255a30c48523be3fd70e1
2026-09-11__sony,class_011__Peru_Minca,PIC_20260911_124900.JPG,Sony G8441,2026:09:11 12:49:00+07:00,91fa61c649be9761a0e6ff95e318158b2b391002e6d7067e34a02087ab385585
2026-09-11__sony,class_011__Peru_Minca,PIC_20260911_124938.JPG,Sony G8441,2026:09:11 12:49:38+07:00,4296fa1f9addea78d047ca6b66a8db6c14991218e3c2adb7ccef3cdd55c76725
2026-09-11__sony,class_011__Peru_Minca,PIC_20260911_124952.JPG,Sony G8441,2026:09:11 12:49:52+07:00,33209616df1db244ae1fec12f26711090d3f2df81586ff0dc19d1f9b1dc3d24b
2026-09-11__sony,class_011__Peru_Minca,PIC_20260911_125004.JPG,Sony G8441,2026:09:11 12:50:04+07:00,a303806943b75711bb5b0bb8841e2b8313341a4b6b88275538eb531c5e23fa93
2026-09-11__sony,class_011__Peru_Minca,PIC_20260911_125018.JPG,Sony G8441,2026:09:11 12:50:18+07:00,082d4d6ea28664eda2a9a1a0608cfa22b06c6b0de36da74a1f058b35a5198315
2026-09-11__sony,class_011__Peru_Minca,PIC_20260911_125032.JPG,Sony G8441,2026:09:11 12:50:32+07:00,3c83be1337fa18e1fd31b278aafe88cb47b69cb03fb36121a764eea053639fa3
2026-09-11__sony,class_011__Peru_Minca,PIC_20260911_125045.JPG,Sony G8441,2026:09:11 12:50:45+07:00,29789d02dd7bc43df04c63c2cf9d9ea8d94b7f189c7eb7893ba4afc94d45f811
2026-09-11__sony,class_011__Peru_Minca,PIC_20260911_125056.JPG,Sony G8441,2026:09:11 12:50:56+07:00,a69e7ba7f9f25a75852ef0e13421aae933c14a707d4dd1d5c1fdb0f7286c82df
2026-09-11__sony,class_011__Peru_Minca,PIC_20260911_125127.JPG,Sony G8441,2026:09:11 12:51:27+07:00,dc0db9a18dce8fb022f77da7149917df2c1205786ef7fcadfaf235611fc7768d
2026-09-11__sony,class_011__Peru_Minca,PIC_20260911_125143.JPG,Sony G8441,2026:09:11 12:51:43+07:00,cc4e9492853da5aa6397cc4f1302fefecee9c420fbd13de601d9db76a94c494d
2026-09-11__sony,class_011__Peru_Minca,PIC_20260911_125214.JPG,Sony G8441,2026:09:11 12:52:14+07:00,ddce7bacf1cd72541de377f8872ff18b05601beb0e0751b0c4cc428852c8dac9
2026-09-24__oneplus,class_011__Peru_Minca,PXL_20260924_174654341.jpg,GM1911 (OnePlus7Pro) OnePlus,2026:09:24 17:46:54+05:00,c030cf7cb0c4e75891dcbb6ef00938c4585c618c5dedd8f5ffbac7b6cfc2e94c
2026-09-24__oneplus,class_011__Peru_Minca,PXL_20260924_174706651.jpg,GM1911 (OnePlus7Pro) OnePlus,2026:09:24 17:47:06+05:00,171129733582f68924a8e2338724ec4f46be9aa95ba3e71f1cafd67ec8d53cfc
2026-09-24__oneplus,class_011__Peru_Minca,PXL_20260924_174728798.jpg,GM1911 (OnePlus7Pro) OnePlus,2026:09:24 17:47:28+05:00,ba3f76823990404169ae3024a1f2a88ac47e23c9da3e41130a12f7d30a565a59
2026-09-24__oneplus,class_011__Peru_Minca,PXL_20260924_174744565.jpg,GM1911 (OnePlus7Pro) OnePlus,2026:09:24 17:47:44+05:00,ead4b28e049be8423eede8190136a6d086513ac0b69562520adcdf8e867c0271
2026-09-24__oneplus,class_011__Peru_Minca,PXL_20260924_174814080.jpg,GM1911 (OnePlus7Pro) OnePlus,2026:09:24 17:48:14+05:00,ec0f2de2c9fd95851dbedc67f871f95a4a817737c3706a17bba7dce50d5c3884
2026-09-24__oneplus,class_011__Peru_Minca,PXL_20260924_174902324.jpg,GM1911 (OnePlus7Pro) OnePlus,2026:09:24 17:49:02+05:00,5e54fb9b788298f2fba77e2fbd693153160706e1deb31740dc4b2b9616e1650f
2026-09-24__oneplus,class_011__Peru_Minca,PXL_20260924_175004885.jpg,GM1911 (OnePlus7Pro) OnePlus,2026:09:24 17:50:04+05:00,0b1bc5c45353ace256de1f7c858edf0a0ef988e4077fd1980d3b379b6824497a
2026-09-24__oneplus,class_011__Peru_Minca,PXL_20260924_175020982.jpg,GM1911 (OnePlus7Pro) OnePlus,2026:09:24 17:50:20+05:00,94bf7812fd3d010e2d8319c317ad473a312d660eb619a3066dc09b492b3511bf
2026-09-24__oneplus,class_011__Peru_Minca,PXL_20260924_175043854.jpg,GM1911 (OnePlus7Pro) OnePlus,2026:09:24 17:50:43+05:00,c6f791edaaa4a1906501febeb2a73dd7513af931d03e66bfcd8c1cccb0d480f6
2026-09-24__oneplus,class_011__Peru_Minca,PXL_20260924_175059460.jpg,GM1911 (OnePlus7Pro) OnePlus,2026:09:24 17:50:59+05:00,51b8a1b892eeeb4aa25b13dcb66a657236d68a83fc26a1e80e8bfe9e54526b04
2026-09-24__oneplus,class_011__Peru_Minca,PXL_20260924_175127678.jpg,GM1911 (OnePlus7Pro) OnePlus,2026:09:24 17:51:27+05:00,fe52b028a2f3a8b91023d419b49b0c1e1230220de8c7ee8ebe5e9dcfb54b79e6
2026-09-24__oneplus,class_011__Peru_Minca,PXL_20260924_175208275.jpg,GM1911 (OnePlus7Pro) OnePlus,2026:09:24 17:52:08+05:00,ea99da918a73828943c3db31a50554a4d135457d8f959514cb6f0b735ab1a449
2026-09-24__oneplus,class_011__Peru_Minca,PXL_20260924_175255560.jpg,GM1911 (OnePlus7Pro) OnePlus,2026:09:24 17:52:55+05:00,d148ef4fc10285daae64f666f6dd4651a1d7161c226221620318486d2350f396
2026-09-24__oneplus,class_011__Peru_Minca,PXL_20260924_175310303.jpg,GM1911 (OnePlus7Pro) OnePlus,2026:09:24 17:53:10+05:00,ae41a3490a685619c0db4c779288166b6a7486a515922eae3ce00744f0114c25
2026-09-24__oneplus,class_011__Peru_Minca,PXL_20260924_175330148.jpg,GM1911 (OnePlus7Pro) OnePlus,2026:09:24 17:53:30+05:00,8d13fb0420878ecc81c7b0aed646422a63e1a457b69ffb954b2b210dbbe485b3
2026-09-24__oneplus,class_011__Peru_Minca,PXL_20260924_175346603.jpg,GM1911 (OnePlus7Pro) OnePlus,2026:09:24 17:53:46+05:00,9819e74f39d3531fb2d5ab19d10b7f23d2e97f9c22228d425aeffe24f1dca635
2026-09-24__oneplus,class_011__Peru_Minca,PXL_20260924_175418086.jpg,GM1911 (OnePlus7Pro) OnePlus,2026:09:24 17:54:18+05:00,116d140607697e974a046da06a9df350487691deaf626b8d3d8abe9499f68df5
2026-09-24__oneplus,class_011__Peru_Minca,PXL_20260924_175458979.jpg,GM1911 (OnePlus7Pro) OnePlus,2026:09:24 17:54:58+05:00,8e090d854952f6a2add2211b44fa63ff0b97b0f2be0812a7d833d6af09e6811a
2026-09-24__oneplus,class_011__Peru_Minca,PXL_20260924_175617052.jpg,GM1911 (OnePlus7Pro) OnePlus,2026:09:24 17:56:17+05:00,5ea97a45e91e8e371720d83a0090d7b60d57a2412888a630115496de8416f575
2026-09-24__oneplus,class_011__Peru_Minca,PXL_20260924_175643227.jpg,GM1911 (OnePlus7Pro) OnePlus,2026:09:24 17:56:43+05:00,0189d2950f72a5dfa6f432c445df493e9af96c684a83458ace5eff081e3035ae
2026-09-24__oneplus,class_011__Peru_Minca,PXL_20260924_175721588.jpg,GM1911 (OnePlus7Pro) OnePlus,2026:09:24 17:57:21+05:00,b30cbd88ed15617c744824e372fef4f72b3d985fac6b444bb655358f402ae19d
2026-09-24__oneplus,class_011__Peru_Minca,PXL_20260924_175742189.jpg,GM1911 (OnePlus7Pro) OnePlus,2026:09:24 17:57:42+05:00,5dcab49537913b57adbf84c1ba1d25ba7f1ea5741cc95e7ebb88ddbd80da2af3
2026-09-24__oneplus,class_011__Peru_Minca,PXL_20260924_175814602.jpg,GM1911 (OnePlus7Pro) OnePlus,2026:09:24 17:58:14+05:00,63ea14e15e4f9721c404b397931b72f93e13902366c61590958fdcda87e5ea79
2026-09-24__oneplus,class_011__Peru_Minca,PXL_20260924_175853449.jpg,GM1911 (OnePlus7Pro) OnePlus,2026:09:24 17:58:53+05:00,0e54656143906910ca08caa01e34273dc40dbca6ad0ecaaf3d759ae1e0bf31cb
2026-09-24__oneplus,class_011__Peru_Minca,PXL_20260924_180001823.jpg,GM1911 (OnePlus7Pro) OnePlus,2026:09:24 18:00:01+05:00,c0e644bcb32c9516e363a355946fe8d397d8c2029b46808164f90505f34f8ef7
2026-09-24__oneplus,class_011__Peru_Minca,PXL_20260924_180014008.jpg,GM1911 (OnePlus7Pro) OnePlus,2026:09:24 18:00:14+05:00,e306e7a15d4b94211f4377e5803f73758f8d9f2b39069682d507d79525aca2d2
2026-09-24__oneplus,class_011__Peru_Minca,PXL_20260924_180037009.jpg,GM1911 (OnePlus7Pro) OnePlus,2026:09:24 18:00:37+05:00,ae833ba512d37d5dc899a466074bce450f289ebd9653ed20bef2870d1296f205
2026-09-24__oneplus,class_011__Peru_Minca,PXL_20260924_180052927.jpg,GM1911 (OnePlus7Pro) OnePlus,2026:09:24 18:00:52+05:00,16ff67c04a1c9ba8a3b11b93e48b18ccfc0d9b031d4a970a371546fa815ecc97
2026-09-24__oneplus,class_011__Peru_Minca,PXL_20260924_180118224.jpg,GM1911 (OnePlus7Pro) OnePlus,2026:09:24 18:01:18+05:00,71fc0a7ea1273ba7351041e0f56db05b5828b2abf49f075f74202d232fc814ac
2026-09-24__oneplus,class_011__Peru_Minca,PXL_20260924_180156334.jpg,GM1911 (OnePlus7Pro) OnePlus,2026:09:24 18:01:56+05:00,4df6937b81485e514b50fc654b4752692d69a7abb5c186f397cfa26e7ae400bd
2026-09-24__oneplus,class_012__Rwanda_Gisuma,PXL_20260924_101636816.jpg,GM1911 (OnePlus7Pro) OnePlus,2026:09:24 10:16:36+05:00,df47062f288314cb4fafadf3d780f0e904421aa5d029305e0a5f152072dd3408
2026-09-24__oneplus,class_012__Rwanda_Gisuma,PXL_20260924_101727235.jpg,GM1911 (OnePlus7Pro) OnePlus,2026:09:24 10:17:27+05:00,3de51f2cccfc5d09a894e11a98a381ecf330fb779aea1e6e536e6e422f144271
2026-09-24__oneplus,class_012__Rwanda_Gisuma,PXL_20260924_101810482.jpg,GM1911 (OnePlus7Pro) OnePlus,2026:09:24 10:18:10+05:00,7c3995549a3ca741ce216dd5d102e2cd6bdbf64991b1c92f1d6d3d3002f14aec
2026-09-24__oneplus,class_012__Rwanda_Gisuma,PXL_20260924_101831523.jpg,GM1911 (OnePlus7Pro) OnePlus,2026:09:24 10:18:31+05:00,543e4cc2570463c58a9a12a80bee3524074f281ddd6340f449567103df082d37
2026-09-24__oneplus,class_012__Rwanda_Gisuma,PXL_20260924_101907094.jpg,GM1911 (OnePlus7Pro) OnePlus,2026:09:24 10:19:07+05:00,c2559a46243019d5dca30dc6d9568b1fd46edcb180181a5a0c409fb1e141aef0
2026-09-24__oneplus,class_012__Rwanda_Gisuma,PXL_20260924_102010125.jpg,GM1911 (OnePlus7Pro) OnePlus,2026:09:24 10:20:10+05:00,ef9e4ca429166077054823a3f759a799b26037734eb504fa31ae80b90fa94854
2026-09-24__oneplus,class_012__Rwanda_Gisuma,PXL_20260924_102053609.jpg,GM1911 (OnePlus7Pro) OnePlus,2026:09:24 10:20:53+05:00,9898fa3f027334a186f25649eea52108f40de1bf8d2b39fa2fb1460e3416394c
2026-09-24__oneplus,class_012__Rwanda_Gisuma,PXL_20260924_102110546.jpg,GM1911 (OnePlus7Pro) OnePlus,2026:09:24 10:21:10+05:00,aff6c2d3f2974e0db4a647df9dd40913e37a7bf6aeea3662adae5b505a3f7108
2026-09-24__oneplus,class_012__Rwanda_Gisuma,PXL_20260924_102138994.jpg,GM1911 (OnePlus7Pro) OnePlus,2026:09:24 10:21:38+05:00,766f6d4d6fbbdc5a086524cc44fb10bae677706b30a4036e3765cba789ab49da
2026-09-24__oneplus,class_012__Rwanda_Gisuma,PXL_20260924_102202898.jpg,GM1911 (OnePlus7Pro) OnePlus,2026:09:24 10:22:02+05:00,05a96f8fd0f0a5e4f5c2e0b03fa0440aba481d32e710f69bd5a4e3aaf810d695
2026-09-24__oneplus,class_012__Rwanda_Gisuma,PXL_20260924_102246984.jpg,GM1911 (OnePlus7Pro) OnePlus,2026:09:24 10:22:46+05:00,80ed63b3a14b17554f704b47f178a45101c09e829a4e7fac4c9187d9c7fa0d2b
2026-09-24__oneplus,class_012__Rwanda_Gisuma,PXL_20260924_102332019.jpg,GM1911 (OnePlus7Pro) OnePlus,2026:09:24 10:23:32+05:00,3d96847e5e241350d0d48ea85e184d42c5e6b3389b8759959cc2fb22b622914a
2026-09-24__oneplus,class_012__Rwanda_Gisuma,PXL_20260924_102444840.jpg,GM1911 (OnePlus7Pro) OnePlus,2026:09:24 10:24:44+05:00,5522ecaf2a8334a0b8726d667f8b87bfcc5839790fa74e2f14935b95c921be8a
2026-09-24__oneplus,class_012__Rwanda_Gisuma,PXL_20260924_102505548.jpg,GM1911 (OnePlus7Pro) OnePlus,2026:09:24 10:25:05+05:00,736238e5256678c590e4aa3fe178c1d640dbc2b4c9ba5341add1bc3ab7086c02
2026-09-24__oneplus,class_012__Rwanda_Gisuma,PXL_20260924_102545655.jpg,GM1911 (OnePlus7Pro) OnePlus,2026:09:24 10:25:45+05:00,808dc0bce98223f754efcaab435b2ca89992009977a3507e95b5e2284db89309
2026-09-24__oneplus,class_012__Rwanda_Gisuma,PXL_20260924_102611569.jpg,GM1911 (OnePlus7Pro) OnePlus,2026:09:24 10:26:11+05:00,2306c4a182349400cafda475ab35150edc92dc02cd5234eeb92d9eae827ef7bd
2026-09-24__oneplus,class_012__Rwanda_Gisuma,PXL_20260924_102640298.jpg,GM1911 (OnePlus7Pro) OnePlus,2026:09:24 10:26:40+05:00,04a42d83c9020335aca8dead37d6154000583c5ee91ca10d4c1736ecd3a2ef9e
2026-09-24__oneplus,class_012__Rwanda_Gisuma,PXL_20260924_102721024.jpg,GM1911 (OnePlus7Pro) OnePlus,2026:09:24 10:27:21+05:00,c0e76e148ed1d3cd79cee1a1299e39ca450994176df768d7d491822bdb4a78b7
2026-09-24__oneplus,class_012__Rwanda_Gisuma,PXL_20260924_102754363.jpg,GM1911 (OnePlus7Pro) OnePlus,2026:09:24 10:27:54+05:00,6b0e36a7b888d8c42b07225bfb4d19052543a028715a4a43de4277168b03b1aa
2026-09-24__oneplus,class_012__Rwanda_Gisuma,PXL_20260924_102813127.jpg,GM1911 (OnePlus7Pro) OnePlus,2026:09:24 10:28:13+05:00,8c529235b45761e7ed0adff8ffa13403a6688ea2ea366bc8cd03b6add8c0a57b
2026-09-24__oneplus,class_012__Rwanda_Gisuma,PXL_20260924_102841212.jpg,GM1911 (OnePlus7Pro) OnePlus,2026:09:24 10:28:41+05:00,98e0a5b82eb00c37dbfb9a6a09cbb9c0c87add2704cf82d2e656ec8d83aa06eb
2026-09-24__oneplus,class_012__Rwanda_Gisuma,PXL_20260924_102907099.jpg,GM1911 (OnePlus7Pro) OnePlus,2026:09:24 10:29:07+05:00,9519f07aa1d9154211a2e9c9e110c9b402f438fad5580b6a4a6819b9f583f161
2026-09-24__oneplus,class_012__Rwanda_Gisuma,PXL_20260924_102940877.jpg,GM1911 (OnePlus7Pro) OnePlus,2026:09:24 10:29:40+05:00,aeb1e9a1ff2c071d1a5a0ad1620c144815744bf7272777d84838d4713457ad76
2026-09-24__oneplus,class_012__Rwanda_Gisuma,PXL_20260924_103026914.jpg,GM1911 (OnePlus7Pro) OnePlus,2026:09:24 10:30:26+05:00,91badd1234a50e57cf4b074e8ea76ae5d61b86f290383503185126d8bad4cd39
2026-09-24__oneplus,class_012__Rwanda_Gisuma,PXL_20260924_103114778.jpg,GM1911 (OnePlus7Pro) OnePlus,2026:09:24 10:31:14+05:00,a722ab0b10667676502328602a609c758d484afe1edb8a69f8172a4fdf49adac
2026-09-24__oneplus,class_012__Rwanda_Gisuma,PXL_20260924_103135174.jpg,GM1911 (OnePlus7Pro) OnePlus,2026:09:24 10:31:35+05:00,f19356fed7c5d4bd2dc7ab2666d8963a28df20fe8e6ff073c277ed341a4f3611
2026-09-24__oneplus,class_012__Rwanda_Gisuma,PXL_20260924_103206295.jpg,GM1911 (OnePlus7Pro) OnePlus,2026:09:24 10:32:06+05:00,234a17b8ad2d958303331beea006967a812df38aaa633b61f2030aa587d1c09f
2026-09-24__oneplus,class_012__Rwanda_Gisuma,PXL_20260924_103305714.jpg,GM1911 (OnePlus7Pro) OnePlus,2026:09:24 10:33:05+05:00,f73c61f20621b59afb1eaa1b8dd460584f1cbfa6d4acadd5547c69fcee47b136
2026-09-24__oneplus,class_012__Rwanda_Gisuma,PXL_20260924_103336653.jpg,GM1911 (OnePlus7Pro) OnePlus,2026:09:24 10:33:36+05:00,c90ce384d5fc427c38b00f40ac325c5b3f65d9a2fa517701600e94c23327222c
2026-09-24__oneplus,class_012__Rwanda_Gisuma,PXL_20260924_103427011.jpg,GM1911 (OnePlus7Pro) OnePlus,2026:09:24 10:34:27+05:00,d68167f90c1d193f9e9b48c19621359c3049a4a0e89f339e0c3efdbd357c7874
2026-09-24__oneplus,class_012__Rwanda_Gisuma,PXL_20260924_103614873.jpg,GM1911 (OnePlus7Pro) OnePlus,2026:09:24 10:36:14+05:00,0d4238fe2220648f2719b38127c50fb16f49434bcb49624c7fe9a803de58be98
2026-09-24__oneplus,class_012__Rwanda_Gisuma,PXL_20260924_103653328.jpg,GM1911 (OnePlus7Pro) OnePlus,2026:09:24 10:36:53+05:00,42cc8b2063e60781ba96950b1d38ef0b571a9bd0acd13155032ae9878776e28e
2026-09-24__oneplus,class_012__Rwanda_Gisuma,PXL_20260924_103720480.jpg,GM1911 (OnePlus7Pro) OnePlus,2026:09:24 10:37:20+05:00,23f72a0c99dfdcaa4793166db955ca12bedc0e11531c52327ab483a63afee972
2026-09-24__oneplus,class_012__Rwanda_Gisuma,PXL_20260924_103804228.jpg,GM1911 (OnePlus7Pro) OnePlus,2026:09:24 10:38:04+05:00,612e41afa4501895dc4f1516e78c8adc4fb914d68586dc3b67e38eadff3f488a
2026-09-24__oneplus,class_012__Rwanda_Gisuma,PXL_20260924_103843746.jpg,GM1911 (OnePlus7Pro) OnePlus,2026:09:24 10:38:43+05:00,dd9dfa60ae46c6cf2077343903d75b1ddd1cafc52f4f1b7371626f4afe92224c
2026-09-24__oneplus,class_012__Rwanda_Gisuma,PXL_20260924_103948127.jpg,GM1911 (OnePlus7Pro) OnePlus,2026:09:24 10:39:48+05:00,183a1896587804953ddfd60d1aa03a07d95d3d88ce75ce4f32ddb581454e126d
2026-09-24__oneplus,class_012__Rwanda_Gisuma,PXL_20260924_104055590.jpg,GM1911 (OnePlus7Pro) OnePlus,2026:09:24 10:40:55+05:00,901d51f80510d55a5bb80ab821f734df120e51240028fa55ba8c4f41368660c2
2026-09-24__oneplus,class_012__Rwanda_Gisuma,PXL_20260924_104125771.jpg,GM1911 (OnePlus7Pro) OnePlus,2026:09:24 10:41:25+05:00,fca86a321f95a53c0af76b6c83b6e9e1e52efc94e559592d96af8d603a89e911
2026-09-24__oneplus,class_012__Rwanda_Gisuma,PXL_20260924_104146221.jpg,GM1911 (OnePlus7Pro) OnePlus,2026:09:24 10:41:46+05:00,ce5604b215e7b9fc496907395e1f4953f134b8c12d2cd797c565bafb9a231e69
2026-09-24__oneplus,class_012__Rwanda_Gisuma,PXL_20260924_104154289.jpg,GM1911 (OnePlus7Pro) OnePlus,2026:09:24 10:41:54+05:00,4a2a245ba6a5fa0a8385239144793d1f532e9eb79f82929207b2706318d8d877
2026-09-24__pixel,class_011__Peru_Minca,PXL_20260924_123010061.jpg,Google Pixel 9 Pro,2026:09:24 17:30:10+05:00,12c00af71f4be2e6cd4e3b5549254e0ecf921bd9586fe38a92f5270b37d0ee35
2026-09-24__pixel,class_011__Peru_Minca,PXL_20260924_123018340.jpg,Google Pixel 9 Pro,2026:09:24 17:30:18+05:00,e97a1fb649ed2016620b7f19da32e809a89d25f60ba9f149c7ff9f13ae3277d9
2026-09-24__pixel,class_011__Peru_Minca,PXL_20260924_123038808.jpg,Google Pixel 9 Pro,2026:09:24 17:30:38+05:00,ec03f34aaef4cb4ccb8edaffbcf6dbc3a179845289a2feaca2a8d1512f7210af
2026-09-24__pixel,class_011__Peru_Minca,PXL_20260924_123051505.jpg,Google Pixel 9 Pro,2026:09:24 17:30:51+05:00,6d94a760f7d619c5b15c5bcfcdc908053d3151eb4cf6fe34a33456939ce8241d
2026-09-24__pixel,class_011__Peru_Minca,PXL_20260924_123128657.jpg,Google Pixel 9 Pro,2026:09:24 17:31:28+05:00,83f21fb7b8211d738e9e1c1bb6e20b734500e7aee6e2afd195d27a33ee008c47
2026-09-24__pixel,class_011__Peru_Minca,PXL_20260924_123200805.jpg,Google Pixel 9 Pro,2026:09:24 17:32:00+05:00,3b69f07c5865e902b80af3cd53bed2cc25103bfad4423eead152e12a6ed2461d
2026-09-24__pixel,class_011__Peru_Minca,PXL_20260924_123221170.jpg,Google Pixel 9 Pro,2026:09:24 17:32:21+05:00,751657224b9d24c1b4f05b9fb860a44da4dfa849aa680f275b6be951bc9daf5f
2026-09-24__pixel,class_011__Peru_Minca,PXL_20260924_123234050.jpg,Google Pixel 9 Pro,2026:09:24 17:32:34+05:00,db20dce9b27f252f82daf75c3967a26c08095029adaa8a5bc9cf1bbdd86d7e15
2026-09-24__pixel,class_011__Peru_Minca,PXL_20260924_123251607.jpg,Google Pixel 9 Pro,2026:09:24 17:32:51+05:00,78b0720ad3db04ac6f4eeb98e7f3a659acbe668ac1299ab1871d0db0995fbbee
2026-09-24__pixel,class_011__Peru_Minca,PXL_20260924_123310255.jpg,Google Pixel 9 Pro,2026:09:24 17:33:10+05:00,a2acbe5fe47c7f623dec283b46149d103f96d798e66260e102c3d686b463b357
2026-09-24__pixel,class_011__Peru_Minca,PXL_20260924_123337653.jpg,Google Pixel 9 Pro,2026:09:24 17:33:37+05:00,38de85f2b4bdc68e1ac05432c6ea699e56e2e421de5e9c930ef641042b49a378
2026-09-24__pixel,class_011__Peru_Minca,PXL_20260924_123412090.jpg,Google Pixel 9 Pro,2026:09:24 17:34:12+05:00,c956143973cdd9c7fb500e769f537cac70acc23fae76bce2e78b5c43a96e5e3f
2026-09-24__pixel,class_011__Peru_Minca,PXL_20260924_123700966.jpg,Google Pixel 9 Pro,2026:09:24 17:37:00+05:00,bda3b946ae3d805f794f2b5f5c5f9c724d3ee7f0fe90b683a5e4e98170335d51
2026-09-24__pixel,class_011__Peru_Minca,PXL_20260924_123716063.jpg,Google Pixel 9 Pro,2026:09:24 17:37:16+05:00,8a2b5a1a26a49fedc1f4552d0290ad0b6c458747a676a7e312e06253947b2dd1
2026-09-24__pixel,class_011__Peru_Minca,PXL_20260924_123735036.jpg,Google Pixel 9 Pro,2026:09:24 17:37:35+05:00,0f56dde3af9c494ff367a0bd13a31c587418ae13c1d5153f0c4fd0b9aac36b9e
2026-09-24__pixel,class_011__Peru_Minca,PXL_20260924_123759039.jpg,Google Pixel 9 Pro,2026:09:24 17:37:59+05:00,debd0b2bb896f292a473875110b980afc817b42d022986d2494ba0babd06b16b
2026-09-24__pixel,class_011__Peru_Minca,PXL_20260924_123831719.jpg,Google Pixel 9 Pro,2026:09:24 17:38:31+05:00,117120bbf6b52fa26848a4f4ba5c7f3178f7451dff8018196d198b36b54b4f8e
2026-09-24__pixel,class_011__Peru_Minca,PXL_20260924_123916832.jpg,Google Pixel 9 Pro,2026:09:24 17:39:16+05:00,75b5da7e96eb84ec1e96f795b45e8abbed50d40cd74596aa46c3efcc9f5ee0b5
2026-09-24__pixel,class_011__Peru_Minca,PXL_20260924_123945276.jpg,Google Pixel 9 Pro,2026:09:24 17:39:45+05:00,7190ed4d66349dc07bf2ffe67bc21410529a15f6fb9bc34f46a6f17f49df1105
2026-09-24__pixel,class_011__Peru_Minca,PXL_20260924_124011026.jpg,Google Pixel 9 Pro,2026:09:24 17:40:11+05:00,bcdef3376407143131d21316c193ded9fb6fd105015846c889fa29bdb47c588b
2026-09-24__pixel,class_011__Peru_Minca,PXL_20260924_124030902.jpg,Google Pixel 9 Pro,2026:09:24 17:40:30+05:00,8a3b7db5c7ca22e511376cff2c230e30ff4cb51e5b7b803893e7ed217476d060
2026-09-24__pixel,class_011__Peru_Minca,PXL_20260924_124046055.jpg,Google Pixel 9 Pro,2026:09:24 17:40:46+05:00,3b9acd16aecaef7e9dfb13875f1e6522e82458298d458e51fe7feb3985d9b9b1
2026-09-24__pixel,class_011__Peru_Minca,PXL_20260924_124118402.jpg,Google Pixel 9 Pro,2026:09:24 17:41:18+05:00,ce619c6d20d88e0a493b9f088b6564c9d89a6612140fb5987d2a83bb5223cc83
2026-09-24__pixel,class_011__Peru_Minca,PXL_20260924_124216973.jpg,Google Pixel 9 Pro,2026:09:24 17:42:16+05:00,cb0db67eff5903470a47e019db9a43922a83c56945091f832619c449c48f33c1
2026-09-24__pixel,class_011__Peru_Minca,PXL_20260924_124305391.jpg,Google Pixel 9 Pro,2026:09:24 17:43:05+05:00,04ad59ad240241637c5cec0018d7778674d23be937e2d1bf768424d369f48f68
2026-09-24__pixel,class_011__Peru_Minca,PXL_20260924_124346231.jpg,Google Pixel 9 Pro,2026:09:24 17:43:46+05:00,e723f23eb4d3f441e00168539fc57970e026e390c1dfb3badf8f9be3d24715e8
2026-09-24__pixel,class_011__Peru_Minca,PXL_20260924_124413885.jpg,Google Pixel 9 Pro,2026:09:24 17:44:13+05:00,6c3195db3f5c5955be870e5bb92299136dfdad7bc74524c42efa8fb5f135e7c0
2026-09-24__pixel,class_011__Peru_Minca,PXL_20260924_124437879.jpg,Google Pixel 9 Pro,2026:09:24 17:44:37+05:00,fec8efedfe3b1194a777174dc5a74b9cd3bcf7d36da2c9b889bfd56151cbc1f5
2026-09-24__pixel,class_011__Peru_Minca,PXL_20260924_124459056.jpg,Google Pixel 9 Pro,2026:09:24 17:44:59+05:00,b3b1de3b639f068b466340d8b431e29a0d023b5cdcd134b34b00ac617fe2b23e
2026-09-24__pixel,class_011__Peru_Minca,PXL_20260924_124532686.jpg,Google Pixel 9 Pro,2026:09:24 17:45:32+05:00,768b21b1f59693fc48ff075f52a9a70844faec05f741b0782351f8406930a5d9
2026-09-24__pixel,class_012__Rwanda_Gisuma,PXL_20260924_054328836.jpg,Google Pixel 9 Pro,2026:09:24 10:43:28+05:00,3de6e34494823805d381ae43aeb6e697c7552e0ff795eee01e1897085c0e5bdf
2026-09-24__pixel,class_012__Rwanda_Gisuma,PXL_20260924_054415323.jpg,Google Pixel 9 Pro,2026:09:24 10:44:15+05:00,c7504f7b68c4e7308b47a418915a5b5c094ea3c83d89d4cfce56928ddebab5be
2026-09-24__pixel,class_012__Rwanda_Gisuma,PXL_20260924_054456514.jpg,Google Pixel 9 Pro,2026:09:24 10:44:56+05:00,ea684ac0b255893b1902a5433b905f97c98a64c566d4d585b84f8850b8892e19
2026-09-24__pixel,class_012__Rwanda_Gisuma,PXL_20260924_054601778.jpg,Google Pixel 9 Pro,2026:09:24 10:46:01+05:00,bf62453cd32adc646737bcf505798ac2ee4a6a0301199d4af2362aea0580ceb9
2026-09-24__pixel,class_012__Rwanda_Gisuma,PXL_20260924_054647429.jpg,Google Pixel 9 Pro,2026:09:24 10:46:47+05:00,f9213e2fced29f8cc2650bc5d0dd36f67d06aee22c355056b56b0a451d4c3035
2026-09-24__pixel,class_012__Rwanda_Gisuma,PXL_20260924_054741129.jpg,Google Pixel 9 Pro,2026:09:24 10:47:41+05:00,9a3436a1e3aa2d374d06cde2de3a6293fd45c206c6f44981affd3d38c7e555d3
2026-09-24__pixel,class_012__Rwanda_Gisuma,PXL_20260924_054756745.jpg,Google Pixel 9 Pro,2026:09:24 10:47:56+05:00,bc20db407da66c4349c96c4c07e23897efa897dbd784bdcf23c614dba48dc951
2026-09-24__pixel,class_012__Rwanda_Gisuma,PXL_20260924_054826057.jpg,Google Pixel 9 Pro,2026:09:24 10:48:26+05:00,75670adf278a0ed48ba17d603ccd89ace206f46e154ceac6054aacc718dbece9
2026-09-24__pixel,class_012__Rwanda_Gisuma,PXL_20260924_054856833.jpg,Google Pixel 9 Pro,2026:09:24 10:48:56+05:00,6ff7b744e6e8ca73cde7a73e15b956679ce8e2d5353e3b3b4d4e3242a1137f64
2026-09-24__pixel,class_012__Rwanda_Gisuma,PXL_20260924_054942889.jpg,Google Pixel 9 Pro,2026:09:24 10:49:42+05:00,80787c16596a200793cbe6c6aa16d0b8b94b2a4404e9ec8c8bd5f15525c4960f
2026-09-24__pixel,class_012__Rwanda_Gisuma,PXL_20260924_055038934.jpg,Google Pixel 9 Pro,2026:09:24 10:50:38+05:00,33a5b0ef4e235cb51787d412c35f0155f58722dcbcea553eaaed13bcb807c6e9
2026-09-24__pixel,class_012__Rwanda_Gisuma,PXL_20260924_055142451.jpg,Google Pixel 9 Pro,2026:09:24 10:51:42+05:00,c5002c66f8f51b1d94b53ab1f01644e314b5cb0bb8e250db6b7a632f853dc7b3
2026-09-24__pixel,class_012__Rwanda_Gisuma,PXL_20260924_055213820.jpg,Google Pixel 9 Pro,2026:09:24 10:52:13+05:00,164c02492c8207e9fe624b35c76496ec7ab4ccebb7f2d7ae339d85349b901150
2026-09-24__pixel,class_012__Rwanda_Gisuma,PXL_20260924_055238524.jpg,Google Pixel 9 Pro,2026:09:24 10:52:38+05:00,cecbb44c2ceff473b32d60e183aa436f4fa5f1d90e175e6fbd99b006417e2f4d
2026-09-24__pixel,class_012__Rwanda_Gisuma,PXL_20260924_055321291.jpg,Google Pixel 9 Pro,2026:09:24 10:53:21+05:00,c87aefbfb63e75787c73f1c2eb358ed4d85527b3a11d0eba708d7ad70cb7540f
2026-09-24__pixel,class_012__Rwanda_Gisuma,PXL_20260924_055404017.jpg,Google Pixel 9 Pro,2026:09:24 10:54:04+05:00,668bcb65cbb60f5d7aac39289f0b87418d7ef30bd8fe7631b52a1cd85edd40a4
2026-09-24__pixel,class_012__Rwanda_Gisuma,PXL_20260924_055543146.jpg,Google Pixel 9 Pro,2026:09:24 10:55:43+05:00,0a9bd9069a1b9581d9a32c1fcc50b5945ca72f09db86d1e2a3b5dfac42be6f04
2026-09-24__pixel,class_012__Rwanda_Gisuma,PXL_20260924_055557513.jpg,Google Pixel 9 Pro,2026:09:24 10:55:57+05:00,4f6ba5696b3c3deb1933f304ec6a482d05844c28017126e2f71f01ddc6714f0a
2026-09-24__pixel,class_012__Rwanda_Gisuma,PXL_20260924_055617759.jpg,Google Pixel 9 Pro,2026:09:24 10:56:17+05:00,4ef3f9a165dafd52987ef585530bf9c219dcffefedb73612740e95ef9a6c3674
2026-09-24__pixel,class_012__Rwanda_Gisuma,PXL_20260924_055639328.jpg,Google Pixel 9 Pro,2026:09:24 10:56:39+05:00,9631b3f3496045d940975c107c09d9dcbcef1332badf85ad0881e0b0d20c3fb7
2026-09-24__pixel,class_012__Rwanda_Gisuma,PXL_20260924_055707712.jpg,Google Pixel 9 Pro,2026:09:24 10:57:07+05:00,ba0d2582786e4b2e04698529a64854155575e0e339f0f27abbd87c04df34a3bc
2026-09-24__pixel,class_012__Rwanda_Gisuma,PXL_20260924_055741725.jpg,Google Pixel 9 Pro,2026:09:24 10:57:41+05:00,04e4412884b1be0e994ac52e4a7b70a3a201ff4ab179c29af5f7f9db3ed9bce5
2026-09-24__pixel,class_012__Rwanda_Gisuma,PXL_20260924_073445462.jpg,Google Pixel 9 Pro,2026:09:24 12:34:45+05:00,5b10f7ac2aeff777137e6375983fb2e9d4a67b3ab6ab983bce27ee31c05f3ddb
2026-09-24__pixel,class_012__Rwanda_Gisuma,PXL_20260924_073502995.jpg,Google Pixel 9 Pro,2026:09:24 12:35:02+05:00,30dd0b0537c872e2ec81d08ec4337221e8a77a0980913e41cadebe24028823f3
2026-09-24__pixel,class_012__Rwanda_Gisuma,PXL_20260924_073519643.jpg,Google Pixel 9 Pro,2026:09:24 12:35:19+05:00,bc2f8c3bba0b4a980d3e8933a7baa15dff13c5379ba00c61783567b1c3859189
2026-09-24__pixel,class_012__Rwanda_Gisuma,PXL_20260924_073541478.jpg,Google Pixel 9 Pro,2026:09:24 12:35:41+05:00,140299d7416692d46d49b70837d86e235614f3daaf361f451817ce42044d9431
2026-09-24__pixel,class_012__Rwanda_Gisuma,PXL_20260924_073658202.jpg,Google Pixel 9 Pro,2026:09:24 12:36:58+05:00,d31faf4f8aec0906e1cd209b0acd053cef80ce68a0f73ed6f52ac793ae3bc4b4
2026-09-24__pixel,class_012__Rwanda_Gisuma,PXL_20260924_073730789.jpg,Google Pixel 9 Pro,2026:09:24 12:37:30+05:00,cb406b8ee33c2b37250203d1d6defa8dada728b49391dc44ca43111d9a947c79
2026-09-24__pixel,class_012__Rwanda_Gisuma,PXL_20260924_073820038.jpg,Google Pixel 9 Pro,2026:09:24 12:38:20+05:00,924a6b8a69973afe065aa79fbe65e52aae35115e2d31a7c572026d1579c94e76
2026-09-24__pixel,class_012__Rwanda_Gisuma,PXL_20260924_073859032.jpg,Google Pixel 9 Pro,2026:09:24 12:38:59+05:00,3f5d2dd079c0d41eedfc78e2dc2a454576caa1bf2f8f6e0c39b97417a58d240c
2026-09-24__pixel,class_012__Rwanda_Gisuma,PXL_20260924_074057154.jpg,Google Pixel 9 Pro,2026:09:24 12:40:57+05:00,9d650b3e398c6518a2b26a68b93dc175e3555070f60f93ec75a7498612fdfd23
2026-09-24__pixel,class_012__Rwanda_Gisuma,PXL_20260924_074124922.jpg,Google Pixel 9 Pro,2026:09:24 12:41:24+05:00,8769ed8785ef3fc7c05a7fe31eb9ff11338b797480b03b2c185e9562349f5e24
2026-09-24__pixel,class_012__Rwanda_Gisuma,PXL_20260924_074157626.jpg,Google Pixel 9 Pro,2026:09:24 12:41:57+05:00,2a4b37aba765e1070b14ccd909a67f680e414126aa204e9f6e1a92eb60bdc3bd
2026-09-24__pixel,class_012__Rwanda_Gisuma,PXL_20260924_074224216.jpg,Google Pixel 9 Pro,2026:09:24 12:42:24+05:00,a0d7e876de666451456c8758f63e0915239c3f7b4bcb2002474423784998beab
2026-09-24__pixel,class_012__Rwanda_Gisuma,PXL_20260924_074250480.jpg,Google Pixel 9 Pro,2026:09:24 12:42:50+05:00,6a3413c40c938a71cc51f899bd43f02940f8951a6ebd9fa3d4defcf449d9a8b7
2026-09-24__pixel,class_012__Rwanda_Gisuma,PXL_20260924_074323601.jpg,Google Pixel 9 Pro,2026:09:24 12:43:23+05:00,880a642de8556835078eb241fa03b728394fbc864d677db1631b927fbfb80ccf
2026-09-24__pixel,class_012__Rwanda_Gisuma,PXL_20260924_074353597.jpg,Google Pixel 9 Pro,2026:09:24 12:43:53+05:00,640572ade691872531e3354c5e4fd0a19d70dad45da9039f640ee954cb74c73a
2026-09-24__pixel,class_012__Rwanda_Gisuma,PXL_20260924_074404425.jpg,Google Pixel 9 Pro,2026:09:24 12:44:04+05:00,71fec75be316fb7361fafa35208c9be584a4c6a44511be8fac0148cbe02e1510
2026-09-24__pixel,class_012__Rwanda_Gisuma,PXL_20260924_074530013.jpg,Google Pixel 9 Pro,2026:09:24 12:45:30+05:00,7f0983ae4ef768197a55ecbed2a6561081fecf8a7e6ebb48391922f1cc49d664
2026-09-24__pixel,class_012__Rwanda_Gisuma,PXL_20260924_074632302.jpg,Google Pixel 9 Pro,2026:09:24 12:46:32+05:00,ab47713fd2327a6bd7832db981378686ca883fe1279509cb1725453352002bd0
2026-09-24__sony,class_011__Peru_Minca,PIC_20260924_200348.JPG,Sony G8441,2026:09:24 20:03:48+07:00,40198f6ec5a6abec11b67ed85e4529b0fc456af0bb47cc2adc73ca13ae0ec9db
2026-09-24__sony,class_011__Peru_Minca,PIC_20260924_200418.JPG,Sony G8441,2026:09:24 20:04:18+07:00,98595d2b25f0b822b8e00c41cc6793d2b65f2ea77ca543b9c109249dad1820b3
2026-09-24__sony,class_011__Peru_Minca,PIC_20260924_200435.JPG,Sony G8441,2026:09:24 20:04:35+07:00,c5cbb14d211fede8f276b09f22dbfeba792ddf408a3485598e1bfd535b8d6973
2026-09-24__sony,class_011__Peru_Minca,PIC_20260924_200454.JPG,Sony G8441,2026:09:24 20:04:54+07:00,bba2cc32725f35d7fd97fed470da95f830ef144ad4413d0602868de73ba4e3e4
2026-09-24__sony,class_011__Peru_Minca,PIC_20260924_200521.JPG,Sony G8441,2026:09:24 20:05:21+07:00,52bee89048d50151e1057ba42251fab28f0657de45dabae863751645983c272c
2026-09-24__sony,class_011__Peru_Minca,PIC_20260924_200602.JPG,Sony G8441,2026:09:24 20:06:02+07:00,604e129212b4a094841845c64f0ad20d7e0c3d97c3c184c7a4df00a902322b34
2026-09-24__sony,class_011__Peru_Minca,PIC_20260924_200643.JPG,Sony G8441,2026:09:24 20:06:43+07:00,418c3a46b0ba97201a730a6505098f974327234a3babf2448f146b982c5b4330
2026-09-24__sony,class_011__Peru_Minca,PIC_20260924_200724.JPG,Sony G8441,2026:09:24 20:07:24+07:00,51d0c30807bd97dfe8bd1fceafd212012e01c1611812a025907e9bc9d9131d1f
2026-09-24__sony,class_011__Peru_Minca,PIC_20260924_200809.JPG,Sony G8441,2026:09:24 20:08:09+07:00,de2c7387ea7f659ff6d84dc94fdb9bf0b651c09d277dad6a5bfe46be6f64ae10
2026-09-24__sony,class_011__Peru_Minca,PIC_20260924_200826.JPG,Sony G8441,2026:09:24 20:08:26+07:00,d68aa577b6038c8ef1dfd3ec232aa145e9a90d4e6770a2017a7279e620559f8e
2026-09-24__sony,class_011__Peru_Minca,PIC_20260924_200940.JPG,Sony G8441,2026:09:24 20:09:40+07:00,aa9ac2b9f74bf53cd169a1ba75a9332217459af3d9235c8bab4c1271fe5a0658
2026-09-24__sony,class_011__Peru_Minca,PIC_20260924_201011.JPG,Sony G8441,2026:09:24 20:10:11+07:00,293a5eafeb318bd874f0a0215a0172da0eb6605982ef84c1d02028aa1d990b4f
2026-09-24__sony,class_011__Peru_Minca,PIC_20260924_201057.JPG,Sony G8441,2026:09:24 20:10:57+07:00,28e7fb3656b4243146cf611b828d8fcdc55ed58213eca9bd6d9732f8ba16eb45
2026-09-24__sony,class_011__Peru_Minca,PIC_20260924_201113.JPG,Sony G8441,2026:09:24 20:11:13+07:00,913d8474a98fd3e08517d3bb990eeff87c27b58c250c0ed78497c6f578c06bc6
2026-09-24__sony,class_011__Peru_Minca,PIC_20260924_201133.JPG,Sony G8441,2026:09:24 20:11:33+07:00,2cbfda5804701fcdd043e41623b5f1b5777f4465073413dc5283c173a8c9d7bb
2026-09-24__sony,class_011__Peru_Minca,PIC_20260924_201151.JPG,Sony G8441,2026:09:24 20:11:51+07:00,bbb64b0116ed5c8b7f0cc46492b5d02d4e703bb4efd3b472404cc11c9dc9c857
2026-09-24__sony,class_011__Peru_Minca,PIC_20260924_201230.JPG,Sony G8441,2026:09:24 20:12:30+07:00,9b0185d6d82f49ef10c2b27de8450e15a9c1021c4fdc79abb844853891c91042
2026-09-24__sony,class_011__Peru_Minca,PIC_20260924_201350.JPG,Sony G8441,2026:09:24 20:13:50+07:00,334f330e991a013c27c3bcf29ba3089cdcc312fa32ebcecc0dcb051ea66b1bd8
2026-09-24__sony,class_011__Peru_Minca,PIC_20260924_201455.JPG,Sony G8441,2026:09:24 20:14:55+07:00,a7da1e9c204a45f14af9a8622976ce981e0a59f2705255d9ad6c892ebd8ab507
2026-09-24__sony,class_011__Peru_Minca,PIC_20260924_201513.JPG,Sony G8441,2026:09:24 20:15:13+07:00,cf80d544d1012f98f6afb135fa8a81c98aeed3d9edddc396b405a7f0a14a48e5
2026-09-24__sony,class_011__Peru_Minca,PIC_20260924_201534.JPG,Sony G8441,2026:09:24 20:15:34+07:00,8ee4eeb37e3889e4cff9073d4e3430924007ba43761c2c3112ce28e3c7f107a6
2026-09-24__sony,class_011__Peru_Minca,PIC_20260924_201633.JPG,Sony G8441,2026:09:24 20:16:33+07:00,23f591e75429ede52121a6ee26f080d0911529e2cfd5ffd1fef25dd87c414e7f
2026-09-24__sony,class_011__Peru_Minca,PIC_20260924_201710.JPG,Sony G8441,2026:09:24 20:17:10+07:00,8960d70a0f7273efdddff7b5d435c4ff4c03a4e5b7e008064724303568051335
2026-09-24__sony,class_011__Peru_Minca,PIC_20260924_201748.JPG,Sony G8441,2026:09:24 20:17:48+07:00,126280a860f55c69c908f7961e2b0defd515a51ff2231642aada8eff4dc6561e
2026-09-24__sony,class_011__Peru_Minca,PIC_20260924_201949.JPG,Sony G8441,2026:09:24 20:19:49+07:00,bdd3eaf733a9de9ab4d55bd7402934f1d9bf6f080404ea9b078ccde006fbdc08
2026-09-24__sony,class_011__Peru_Minca,PIC_20260924_202005.JPG,Sony G8441,2026:09:24 20:20:05+07:00,5e5f5221e9fa6d52d725a40c09ba5d13ba16cf34e1984ef9c8fac9c2715bc925
2026-09-24__sony,class_011__Peru_Minca,PIC_20260924_202024.JPG,Sony G8441,2026:09:24 20:20:24+07:00,5802d5df0daa2b6b8ccfbf5a9f8f492c08b2981c30bd44a18440a12d03b21131
2026-09-24__sony,class_011__Peru_Minca,PIC_20260924_202039.JPG,Sony G8441,2026:09:24 20:20:39+07:00,787cb51320c6a59ae6c4be8c241d8d8a2b29004c89fec34ebb6264f20a2c038c
2026-09-24__sony,class_011__Peru_Minca,PIC_20260924_202114.JPG,Sony G8441,2026:09:24 20:21:14+07:00,e7270974108cf602c98c71c182fdd8f951fc1576d3d674199c87b5e78a1a9ebc
2026-09-24__sony,class_011__Peru_Minca,PIC_20260924_202153.JPG,Sony G8441,2026:09:24 20:21:53+07:00,6b315216a9dad6bc7ab32514f4fd0195e49bd3589b7685bbf5c6c1d6539ffb18
2026-09-24__sony,class_012__Rwanda_Gisuma,PIC_20260924_145542.JPG,Sony G8441,2026:09:24 14:55:42+07:00,0da114701c16da39121f78d311a990be0e2d5ddb857c4b948e9f9eb6c705fc91
2026-09-24__sony,class_012__Rwanda_Gisuma,PIC_20260924_145627.JPG,Sony G8441,2026:09:24 14:56:27+07:00,7bd7e1a1db3dd42740ece35148b4b3a6a6f9844b98c13552daa5e5ae072ffff6
2026-09-24__sony,class_012__Rwanda_Gisuma,PIC_20260924_145707.JPG,Sony G8441,2026:09:24 14:57:07+07:00,0d84d3c4269cd4396b6b68867f2001c79c33ca5592719b971a58a9787127c3d3
2026-09-24__sony,class_012__Rwanda_Gisuma,PIC_20260924_145750.JPG,Sony G8441,2026:09:24 14:57:50+07:00,d655c2965297958d4091be965be569f8ed77dd7b19bbb654d3e98f0e1fc9b8fb
2026-09-24__sony,class_012__Rwanda_Gisuma,PIC_20260924_145832.JPG,Sony G8441,2026:09:24 14:58:32+07:00,fe49b8bc47f6f6c40c54d3032a791d7a634eb1c082fd84d2bab33f2e883f96d8
2026-09-24__sony,class_012__Rwanda_Gisuma,PIC_20260924_145920.JPG,Sony G8441,2026:09:24 14:59:20+07:00,bd9632a24626c86c2ca555eac4d4530e90df2d8e27c7621d4bab77decca77e13
2026-09-24__sony,class_012__Rwanda_Gisuma,PIC_20260924_150009.JPG,Sony G8441,2026:09:24 15:00:09+07:00,df5aebe3fc3170380c0dc5dfd3f214a7a00ba444315453d0d102bb563027248d
2026-09-24__sony,class_012__Rwanda_Gisuma,PIC_20260924_150056.JPG,Sony G8441,2026:09:24 15:00:56+07:00,1fefea0d463f84ef623f0deb38052f6e492202c3ba67ca5b0a1e6fe46458276a
2026-09-24__sony,class_012__Rwanda_Gisuma,PIC_20260924_150218.JPG,Sony G8441,2026:09:24 15:02:18+07:00,cf63509a9f081f95e2e591abaf038af48f110c8a1f27c34362d194764fcbd0db
2026-09-24__sony,class_012__Rwanda_Gisuma,PIC_20260924_150406.JPG,Sony G8441,2026:09:24 15:04:06+07:00,d51f23579076dde246998c0cd8ecb4e365efacb6786b261ed4a387460219f6de
2026-09-24__sony,class_012__Rwanda_Gisuma,PIC_20260924_150436.JPG,Sony G8441,2026:09:24 15:04:36+07:00,683999de49f701d26c6b675e6c11fb0aa3aa3c9514a2125c196ed40bb847d0ad
2026-09-24__sony,class_012__Rwanda_Gisuma,PIC_20260924_150512.JPG,Sony G8441,2026:09:24 15:05:12+07:00,2a0fae5df89d39799a581ae712d6aac51c875795c9b4b889c63c3497f1827bb2
2026-09-24__sony,class_012__Rwanda_Gisuma,PIC_20260924_150540.JPG,Sony G8441,2026:09:24 15:05:40+07:00,a04203a3b06fb6f32797eb375b43ee69f57d0fe88fa98a1ef1f7c68928677e1f
2026-09-24__sony,class_012__Rwanda_Gisuma,PIC_20260924_150617.JPG,Sony G8441,2026:09:24 15:06:17+07:00,d8f178b6d9f92072b07c23d26d0f0eceb319ae15d74add17692ab9c6ea136b8c
2026-09-24__sony,class_012__Rwanda_Gisuma,PIC_20260924_150637.JPG,Sony G8441,2026:09:24 15:06:37+07:00,ac660e916868136b7ce5b40ee518a8928355b4c1a413f393add9fe36369c1a44
2026-09-24__sony,class_012__Rwanda_Gisuma,PIC_20260924_150709.JPG,Sony G8441,2026:09:24 15:07:09+07:00,ae2d62f5d9541ff96bea2950d1ccca558ca8788b8d50534effb1a9bbe9581bb2
2026-09-24__sony,class_012__Rwanda_Gisuma,PIC_20260924_150744.JPG,Sony G8441,2026:09:24 15:07:44+07:00,1672a6edeaec691d9f466323eb69b2a62871d147d590e6a64321ec89af8cbf7f
2026-09-24__sony,class_012__Rwanda_Gisuma,PIC_20260924_150813.JPG,Sony G8441,2026:09:24 15:08:13+07:00,bcfeb2f879252e91f4fe7c41a090a1c8144733aa0839bd0b3afb70b72213db71
2026-09-24__sony,class_012__Rwanda_Gisuma,PIC_20260924_150853.JPG,Sony G8441,2026:09:24 15:08:53+07:00,4f1b827035d1b6243efb6c8c7202f6722e7c99ef1b21b66add7c9b37b4f3693c
2026-09-24__sony,class_012__Rwanda_Gisuma,PIC_20260924_150953.JPG,Sony G8441,2026:09:24 15:09:53+07:00,8ddccd2fc4bc114ad8e8af809768c78bf1fe466ee9f1d6736c63247c811bca37
2026-09-24__sony,class_012__Rwanda_Gisuma,PIC_20260924_151926.JPG,Sony G8441,2026:09:24 15:19:26+07:00,6f5601ad3d4d5c6f230313c7dc0852905e5188f5aa90350c98ab8cba2e507b21
2026-09-24__sony,class_012__Rwanda_Gisuma,PIC_20260924_152017.JPG,Sony G8441,2026:09:24 15:20:17+07:00,d3d42c5e464afe953040a59aa86852317e901703e0fbd13f7cc660e08612dd8e
2026-09-24__sony,class_012__Rwanda_Gisuma,PIC_20260924_152044.JPG,Sony G8441,2026:09:24 15:20:44+07:00,4a7e8319b89dfd21536e83f4d2c0921d10a49cf0c707e155c5fea22e255f001f
2026-09-24__sony,class_012__Rwanda_Gisuma,PIC_20260924_152120.JPG,Sony G8441,2026:09:24 15:21:20+07:00,3b24e365b038963215753202ea1a08a0843d2ad08ecfa29bfb5535b5dee142ab
2026-09-24__sony,class_012__Rwanda_Gisuma,PIC_20260924_152141.JPG,Sony G8441,2026:09:24 15:21:41+07:00,c5783d5b13b154befde1a79e16c2e82c383ec63b850579791fb107f6a76c38fc
2026-09-24__sony,class_012__Rwanda_Gisuma,PIC_20260924_152215.JPG,Sony G8441,2026:09:24 15:22:15+07:00,780dac1fd781ab351394fa1a1aebbb708d8d6ae96c1fe1d19ca29f167c2d7cad
2026-09-24__sony,class_012__Rwanda_Gisuma,PIC_20260924_152302.JPG,Sony G8441,2026:09:24 15:23:02+07:00,feb0ec213d3cb0494c831dde08d35111670b6516625a3e9a756ac219f0e7f849
2026-09-24__sony,class_012__Rwanda_Gisuma,PIC_20260924_152335.JPG,Sony G8441,2026:09:24 15:23:35+07:00,68e0e4470c23656a94f053b7d8117a36f4c168aeab1ee3707343eb6b8dfd421b
2026-09-24__sony,class_012__Rwanda_Gisuma,PIC_20260924_152441.JPG,Sony G8441,2026:09:24 15:24:41+07:00,012b02f268c6e6ff371b925d3802192af3b9b8d550c7c6032f0a63afa5473638
2026-09-24__sony,class_012__Rwanda_Gisuma,PIC_20260924_152510.JPG,Sony G8441,2026:09:24 15:25:10+07:00,2f7bff8b3d264585ac69fa1f36a56914600580b2bd2bd3e8986abc89cedf6b3c
2026-09-24__sony,class_012__Rwanda_Gisuma,PIC_20260924_152557.JPG,Sony G8441,2026:09:24 15:25:57+07:00,9257bb2d9515bba9274e4e073ea63fbdf5e6cdaee31cb50c2f17d0344ebf0e73
2026-09-24__sony,class_012__Rwanda_Gisuma,PIC_20260924_152625.JPG,Sony G8441,2026:09:24 15:26:25+07:00,4c2b5ab30c976051a57dfb74de467d795d6743564b0cda075f0c0b7d7a42d633
2026-09-24__sony,class_012__Rwanda_Gisuma,PIC_20260924_152647.JPG,Sony G8441,2026:09:24 15:26:47+07:00,38d2d71b111f6d7f81eb961bed6caf563d4d323499a7b61303d52b50f39a69cb
2026-09-24__sony,class_012__Rwanda_Gisuma,PIC_20260924_152716.JPG,Sony G8441,2026:09:24 15:27:16+07:00,f36fcd68cfd3ecf043871df8b86dd8f1576e1819bd9b380fcb77aca3f03557f5
2026-09-24__sony,class_012__Rwanda_Gisuma,PIC_20260924_152732.JPG,Sony G8441,2026:09:24 15:27:32+07:00,4ddb31274845f287d5e2204bb240bd60cffc13e2e1760055ff5fd2d77bb95e5d
2026-09-24__sony,class_012__Rwanda_Gisuma,PIC_20260924_152807.JPG,Sony G8441,2026:09:24 15:28:07+07:00,8f7b857bf1e93d7019597458ab0239c9cc4fa45d8b32cfb8fcb9ca89d751a441
2026-09-24__sony,class_012__Rwanda_Gisuma,PIC_20260924_152849.JPG,Sony G8441,2026:09:24 15:28:49+07:00,6dbbfaa88d6fc5d47044354489c40a7e500de4f623fc26e0e28954c49c5ef46c
2026-09-24__sony,class_012__Rwanda_Gisuma,PIC_20260924_152928.JPG,Sony G8441,2026:09:24 15:29:28+07:00,ae52162b6ef2d1998aa764e1aed57d6fcd52e2758f2482a4ae5b6b365f2202a9
2026-09-24__sony,class_012__Rwanda_Gisuma,PIC_20260924_153029.JPG,Sony G8441,2026:09:24 15:30:29+07:00,f0be537427d53628e30663d899c123ed08732c47b4c4569030fd2f2c3596224b
2026-09-24__sony,class_012__Rwanda_Gisuma,PIC_20260924_153053.JPG,Sony G8441,2026:09:24 15:30:53+07:00,f0a04bbb37d2a2f495011b2864671c66eb62d37b6be65d0d6ac63f1e3fa4141d
random_date_raccoon,class_001__Ethiopia_Sidamo,PXL_20260927_101610945.jpg,Google Pixel 9 Pro,2026:09:27 15:16:10+05:00,ba42cf76090c1ec60a84c4ef77e7b945f62934081811772b6a9ceaeea69c4ec4
random_date_raccoon,class_001__Ethiopia_Sidamo,PXL_20260927_103241427.jpg,Google Pixel 9 Pro,2026:09:27 15:32:41+05:00,326136480e5189acc021a18b020f5e9f6aced27aec00f7991fce7d542a4425cd
random_date_raccoon,class_013__Brazil_SulDeMinas,PXL_20260926_122041643.jpg,Google Pixel 9 Pro,2026:09:26 17:20:41+05:00,8c63a66ad28a4ca5c098193893a820f222aa936b4e56ac8edbd6337049f69f49
random_date_raccoon,class_013__Brazil_SulDeMinas,PXL_20260926_122057066.jpg,Google Pixel 9 Pro,2026:09:26 17:20:57+05:00,1066bb4d6a9bfe7842eb5be226f47044aa2572684bb04df2a43303bc16ae053f
random_date_raccoon,class_013__Brazil_SulDeMinas,PXL_20260927_064722891.jpg,Google Pixel 9 Pro,2026:09:27 11:47:22+05:00,99e557b0982e5cdab47dcf0ff81d2771a7679c3a6eda9dc8c6d2df534351a9b9
random_date_raccoon,class_013__Brazil_SulDeMinas,PXL_20260930_085611461.jpg,Google Pixel 9 Pro,2026:09:30 13:56:11+05:00,04214bc7457008f481365c7e93ed568d1aef40bcb713853f5fd018181d1f184b
random_date_raccoon,class_014__Colombia_Excelso,PXL_20260927_105921144.jpg,Google Pixel 9 Pro,2026:09:27 15:59:21+05:00,262baa1fe6c9cdbee362ce70d5c287a8f4186cbf4779a7c7e83709ac49c706e8
random_date_raccoon,class_014__Colombia_Excelso,PXL_20260927_105940963.jpg,Google Pixel 9 Pro,2026:09:27 15:59:40+05:00,a2eb25f3d6f11e2e7e4c8f819bb5933708c8266242a735ce72625e4f46106ae5
random_date_raccoon,class_014__Colombia_Excelso,PXL_20260929_074258845.jpg,Google Pixel 9 Pro,2026:09:29 12:42:58+05:00,f6ff3fdbfae7ac7847b0af91b9a0d3b931938fb2fcc8cc4a45fc9300fa074744
random_date_raccoon,class_014__Colombia_Excelso,PXL_20261002_071216473.jpg,Google Pixel 9 Pro,2026:10:02 12:12:16+05:00,9aa380b8c6c4281dd2896137caa4d995a84163f6f67ff9cff8004181ea7de560
random_date_raccoon,class_014__Colombia_Excelso,PXL_20261002_071227288.jpg,Google Pixel 9 Pro,2026:10:02 12:12:27+05:00,175284c1da68551194088bfa4d96ab6949720bb55e38064801295a45cc0047bf
random_date_raccoon,class_014__Colombia_Excelso,PXL_20261003_061147257.jpg,Google Pixel 9 Pro,2026:10:03 11:11:47+05:00,e8b5d8fabf671e3e6e93f21c46ec5a747c09401d3716d9badd483d105b4ea30f
random_date_raccoon,class_014__Colombia_Excelso,PXL_20261003_061153572.jpg,Google Pixel 9 Pro,2026:10:03 11:11:53+05:00,d32c85f384377b87ed46a755a9d9ee36bee1ece5dfb1c0740da4781fcfab253c
random_date_raccoon,class_014__Colombia_Excelso,PXL_20261003_061158094.jpg,Google Pixel 9 Pro,2026:10:03 11:11:58+05:00,c43cdf2ce2787fc287b2ed35cea5ff4df3efab47617b96a6dc007e33774e0f15
random_date_raccoon,class_014__Colombia_Excelso,PXL_20261003_061204827.jpg,Google Pixel 9 Pro,2026:10:03 11:12:04+05:00,361ac30a4629fc55190f2d539ff167832c79c999bbc04b11e145dd597dd5e43e
random_date_raccoon,class_014__Colombia_Excelso,PXL_20261003_061208545.jpg,Google Pixel 9 Pro,2026:10:03 11:12:08+05:00,453d742510d2fdeaccdb6ef8a9d1b54929545e3c32e35b0cb6b00d65409d0e34
random_date_raccoon,class_014__Colombia_Excelso,PXL_20261004_053708433.jpg,Google Pixel 9 Pro,2026:10:04 10:37:08+05:00,825b6e852b6dc8e5ebec3aac66028b8efcdace63c99f94d2af89b7786768f89c
random_date_raccoon,class_014__Colombia_Excelso,PXL_20261004_053716825.jpg,Google Pixel 9 Pro,2026:10:04 10:37:16+05:00,461bb2297e2fa7a46c82c1ccbf20c76f61ca0f5c8a891cbeffe69c27101aa450
