session,class_folder,file,reason
2026-09-24__oneplus,class_011__Peru_Minca,PXL_20260924_174814080.jpg,D18 fallback with background
2026-09-24__oneplus,class_012__Rwanda_Gisuma,PXL_20260924_101810482.jpg,mask declined
2026-09-24__oneplus,class_012__Rwanda_Gisuma,PXL_20260924_102505548.jpg,mask declined
2026-09-24__oneplus,class_012__Rwanda_Gisuma,PXL_20260924_103114778.jpg,mask declined
2026-09-24__oneplus,class_012__Rwanda_Gisuma,PXL_20260924_103614873.jpg,D18 fallback with background
2026-09-24__oneplus,class_012__Rwanda_Gisuma,PXL_20260924_103948127.jpg,D18 fallback with background
2026-09-24__oneplus,class_012__Rwanda_Gisuma,PXL_20260924_104055590.jpg,D18 fallback with background
2026-09-24__pixel,class_011__Peru_Minca,PXL_20260924_124437879.jpg,mask declined
2026-09-24__pixel,class_012__Rwanda_Gisuma,PXL_20260924_054328836.jpg,mask declined
2026-09-24__pixel,class_012__Rwanda_Gisuma,PXL_20260924_054601778.jpg,mask declined
2026-09-24__pixel,class_012__Rwanda_Gisuma,PXL_20260924_055543146.jpg,D18 fallback with background
2026-09-24__pixel,class_012__Rwanda_Gisuma,PXL_20260924_055741725.jpg,mask declined
2026-09-24__sony,class_012__Rwanda_Gisuma,PIC_20260924_150218.JPG,mask declined
2026-09-24__sony,class_012__Rwanda_Gisuma,PIC_20260924_150406.JPG,D18 fallback with background
random_date_raccoon,class_001__Ethiopia_Sidamo,PXL_20260927_103241427.jpg,D18 fallback with background
random_date_raccoon,class_014__Colombia_Excelso,PXL_20261002_071216473.jpg,mask declined
random_date_raccoon,class_014__Colombia_Excelso,PXL_20261003_061147257.jpg,mask declined
random_date_raccoon,class_014__Colombia_Excelso,PXL_20261003_061158094.jpg,mask declined
random_date_raccoon,class_014__Colombia_Excelso,PXL_20261003_061204827.jpg,D18 fallback with background
